recordingeventid	event	recording	eventrelationship	recordingeventinclude
1	4	1	1	t
2	9	2	1	t
3	29	1584	1	t
4	36	195	3	\N
5	36	194	3	\N
6	60	91	1	t
7	62	92	1	t
8	63	93	1	t
9	65	89	1	t
10	67	90	1	t
11	156	2355	1	t
12	160	2356	1	t
13	289	2152	3	\N
14	349	2189	10	\N
15	378	835	1	t
16	402	2260	1	t
17	408	1353	10	\N
18	467	205	1	t
19	468	636	1	t
20	491	1467	1	t
21	504	772	3	t
22	533	2187	1	t
23	543	1866	1	t
24	575	2042	1	t
25	583	612	5	f
26	583	651	1	t
27	601	927	1	t
28	603	1406	1	t
29	622	1758	1	t
30	637	329	1	t
31	637	322	1	t
32	643	323	1	t
33	646	209	1	t
34	668	455	1	t
35	693	2043	1	t
36	710	928	1	t
37	746	1865	1	t
38	763	931	1	t
39	776	929	1	t
40	779	930	1	t
41	784	1180	1	t
42	815	1185	1	t
43	825	1864	1	t
44	843	319	1	t
45	858	1408	1	t
46	887	1682	1	t
47	892	1141	1	t
48	893	1244	1	t
49	912	1443	1	t
50	913	2296	1	t
51	913	2250	1	t
52	916	2223	1	\N
53	954	1016	1	t
54	960	1822	1	t
55	986	773	3	t
56	1008	1652	10	\N
57	1020	2357	1	t
58	1051	1256	10	\N
59	1068	1652	10	\N
60	1070	2395	1	t
61	1092	2063	1	t
62	1112	2109	1	t
63	1115	2301	1	t
64	1117	1715	1	t
65	1124	1082	1	t
66	1132	1869	1	t
67	1136	2140	3	t
68	1136	2139	3	t
69	1148	1081	1	t
70	1157	1755	1	t
71	1163	1083	1	t
72	1167	2186	1	t
73	1168	332	1	t
74	1173	2145	1	t
75	1174	812	1	t
76	1179	2303	1	t
77	1186	802	1	t
78	1188	813	1	t
79	1199	647	1	t
80	1201	648	1	t
81	1205	721	1	t
82	1206	2374	3	f
83	1209	298	1	t
84	1224	1503	1	t
85	1224	1474	1	t
86	1232	1439	10	\N
87	1236	1187	1	t
88	1244	646	1	t
89	1247	1067	1	t
90	1253	614	1	t
91	1254	645	1	t
92	1256	1694	1	t
93	1257	1468	1	t
94	1265	842	1	t
95	1268	1844	1	t
96	1270	1201	1	t
97	1276	738	1	t
98	1277	592	1	t
99	1281	1977	1	t
100	1283	739	1	t
101	1297	1978	1	t
102	1301	2526	1	t
103	1318	705	1	t
104	1321	1745	1	t
105	1325	1410	1	t
106	1328	2115	1	t
107	1331	2523	1	t
108	1338	2065	1	t
109	1346	2064	1	t
110	1353	650	1	t
111	1357	644	1	t
112	1359	793	5	\N
113	1362	1756	1	t
114	1365	1741	1	t
115	1366	610	1	t
116	1371	2169	1	t
117	1374	1716	1	t
118	1377	104	1	t
119	1389	1742	1	t
120	1399	996	3	t
121	1405	1161	1	t
122	1406	1167	1	t
123	1407	793	1	t
124	1411	2188	1	t
125	1415	1129	1	t
126	1419	1979	1	t
127	1427	590	1	t
128	1446	635	1	t
129	1447	1899	1	t
130	1448	1439	1	t
131	1450	1069	1	t
132	1451	2138	1	t
133	1452	591	1	t
134	1453	1717	1	t
135	1456	2527	1	t
136	1464	2358	1	t
137	1465	2165	1	t
138	1469	2019	1	t
139	1473	1738	1	t
140	1474	2157	1	t
141	1485	1159	1	t
142	1492	578	1	t
143	1494	2020	1	t
144	1502	1358	1	t
145	1505	792	1	t
146	1506	699	1	t
147	1527	2158	1	t
148	1530	2101	1	t
149	1546	2170	1	t
150	1558	2144	1	t
151	1565	2179	1	t
152	1567	1359	1	t
153	1572	1738	1	t
154	1585	1751	1	t
155	1592	991	1	t
156	1616	2119	1	t
157	1619	2224	1	t
158	1624	946	1	t
159	1626	996	3	t
160	1627	1360	1	t
161	1633	2021	1	t
162	1640	1348	1	t
163	1644	2359	1	t
164	1645	1523	1	t
165	1648	1456	1	t
166	1649	692	1	t
167	1651	1002	1	t
168	1652	2168	1	t
169	1654	2528	1	t
170	1657	2360	1	t
171	1660	202	1	t
172	1662	2067	1	t
173	1664	1215	1	t
174	1665	2066	1	t
175	1666	1738	1	t
176	1671	948	1	t
177	1673	2018	1	t
178	1675	1714	1	t
179	1678	1224	1	t
180	1679	1018	1	t
181	1683	1163	1	t
182	1684	1981	1	t
183	1685	676	1	t
184	1686	2524	1	t
185	1696	2421	1	t
186	1700	2251	1	t
187	1706	1126	1	t
188	1707	2420	1	t
189	1713	1980	1	t
190	1719	2068	1	t
191	1722	741	1	t
192	1723	1164	1	t
193	1726	1151	1	t
194	1731	2510	1	t
195	1732	1143	1	t
196	1734	2143	10	\N
197	1740	2459	1	t
198	1742	1020	1	t
199	1753	1897	1	t
200	1753	1871	1	t
201	1757	1133	3	t
202	1757	1132	3	t
203	1761	1040	1	t
204	1762	1747	1	t
205	1763	1142	1	t
206	1767	2059	1	t
207	1771	1165	1	t
208	1772	1898	1	t
209	1772	1885	1	t
210	1772	1872	1	t
211	1773	518	1	t
212	1775	2069	1	t
213	1776	2446	1	t
214	1777	1042	1	t
215	1778	1411	1	t
216	1784	831	1	t
217	1789	439	1	t
218	1790	1528	1	t
219	1791	1749	1	t
220	1794	814	1	t
221	1798	1061	1	t
222	1802	2402	1	t
223	1816	2460	1	t
224	1817	2529	1	t
225	1829	1459	1	t
226	1840	693	1	t
227	1841	697	1	t
228	1844	1058	1	t
229	1845	616	1	t
230	1846	1623	1	t
231	1848	1166	1	t
232	1854	2017	1	t
233	1855	1019	1	t
234	1856	2166	1	t
235	1859	2219	1	t
236	1863	620	1	t
237	1865	2241	1	t
238	1871	1461	1	t
239	1872	1900	1	t
240	1879	994	1	t
241	1883	299	1	t
242	1887	947	1	t
243	1890	2009	1	t
244	1896	2472	1	t
245	1903	1516	1	t
246	1911	2070	1	t
247	1916	1186	5	\N
248	1916	1162	1	t
249	1917	530	10	\N
250	1928	1537	1	t
251	1932	698	1	t
252	1933	207	1	t
253	1934	1239	1	t
254	1941	970	1	t
255	1946	1091	1	t
256	1950	2530	1	t
257	1961	2053	1	t
258	1965	2462	1	t
259	1966	1516	1	t
260	1968	1534	1	t
261	1982	1945	1	t
262	1983	2071	1	t
263	1984	2035	1	t
264	1987	1149	1	t
265	1994	1453	1	t
266	1998	1277	1	t
267	1999	1160	1	t
268	2010	402	1	t
269	2013	1746	1	t
270	2028	1062	3	t
271	2031	2124	1	t
272	2034	1910	1	t
273	2052	1686	1	t
274	2055	2161	1	t
275	2060	1349	1	t
276	2065	1352	1	t
277	2082	1138	1	t
278	2085	2461	1	t
279	2090	282	1	t
280	2104	1501	1	t
281	2106	1184	5	\N
282	2106	1183	5	\N
283	2106	1182	5	\N
284	2106	1181	3	\N
285	2114	2162	1	t
286	2118	965	1	t
287	2122	740	1	t
288	2124	1939	1	t
289	2128	1750	1	t
290	2134	1232	1	t
291	2144	674	1	t
292	2146	2464	1	t
293	2151	613	1	t
294	2166	153	1	t
295	2168	2463	1	t
296	2177	742	1	t
297	2181	1373	1	t
298	2182	1003	1	t
299	2188	1172	1	t
300	2189	2072	1	t
301	2190	2058	1	t
302	2192	1982	1	t
303	2195	1473	1	t
304	2204	1941	1	t
305	2206	532	10	\N
306	2206	400	1	t
307	2223	1090	1	t
308	2226	2118	1	t
309	2232	587	1	t
310	2235	1830	1	t
311	2235	1829	1	t
312	2242	2116	1	t
313	2245	585	1	t
314	2245	583	1	t
315	2248	2466	1	t
316	2249	783	1	t
317	2251	967	1	t
318	2252	934	1	t
319	2253	1134	1	t
320	2257	1139	1	t
321	2262	2117	1	t
322	2264	2465	1	t
323	2270	921	1	t
324	2272	1521	1	t
325	2279	1070	1	t
326	2281	1094	1	t
327	2285	2294	1	t
328	2285	2248	1	t
329	2290	21	1	t
330	2290	1713	1	t
331	2291	827	1	t
332	2293	837	1	t
333	2296	1120	1	t
334	2297	540	1	t
335	2297	269	1	t
336	2300	1062	1	t
337	2303	2073	1	t
338	2305	2123	1	t
339	2306	465	1	t
340	2307	919	1	t
341	2309	1748	1	t
342	2310	2150	1	t
343	2311	20	1	t
344	2311	1214	1	t
345	2312	1240	1	t
346	2314	2122	1	t
347	2318	1463	1	t
348	2325	1744	1	t
349	2325	1740	1	t
350	2327	203	1	t
351	2334	1535	1	t
352	2335	1052	1	t
353	2337	871	1	t
354	2338	95	3	t
355	2338	19	1	t
356	2338	724	1	t
357	2344	2332	1	t
358	2345	841	1	t
359	2348	2209	1	t
360	2353	1743	1	t
361	2358	1991	1	t
362	2360	283	1	t
363	2375	1773	1	t
364	2377	1938	1	t
365	2377	1937	1	t
366	2380	1241	1	t
367	2382	1857	1	t
368	2383	838	1	t
370	2387	1931	1	t
371	2393	1307	3	t
372	2394	1708	1	t
373	2397	22	1	t
374	2397	1663	1	t
375	2398	1130	1	t
376	2399	2443	1	t
377	2402	1797	1	t
378	2404	2197	1	t
379	2408	1458	1	t
380	2411	1046	1	t
381	2418	553	10	\N
382	2418	425	1	t
383	2418	240	1	t
384	2419	1952	1	t
385	2424	1053	1	t
386	2425	872	1	t
387	2427	2299	1	t
388	2427	2259	1	t
389	2429	1464	1	t
390	2430	1077	1	t
391	2432	1351	1	t
392	2433	534	10	\N
393	2436	1774	1	t
394	2438	1929	1	t
395	2441	1013	1	t
396	2445	2416	1	t
397	2447	1378	1	t
398	2453	2456	1	t
399	2457	1764	1	t
400	2458	1533	10	\N
401	2460	1983	1	t
402	2461	2171	1	t
403	2467	2149	1	t
404	2468	977	1	t
405	2470	1664	1	t
406	2472	454	1	t
407	2474	24	10	\N
408	2474	23	1	t
409	2474	1799	1	t
410	2476	1785	1	t
411	2478	2038	1	t
412	2479	1772	1	t
413	2489	284	1	t
415	2492	673	1	t
416	2495	2074	1	t
417	2496	1886	1	t
418	2496	1881	1	t
419	2497	1721	1	t
420	2504	609	1	t
421	2505	289	1	t
422	2506	2044	1	t
423	2507	922	1	t
424	2508	1206	1	t
425	2509	2075	1	t
426	2510	1784	1	t
427	2511	2076	1	t
428	2514	14	1	t
429	2514	1767	1	t
430	2516	1092	1	t
431	2518	25	1	t
432	2518	1170	1	t
433	2518	1169	1	t
434	2519	743	1	t
435	2520	1047	1	t
436	2522	1878	1	t
437	2523	1882	1	t
438	2525	1783	1	t
439	2532	552	10	\N
440	2532	252	1	t
441	2537	2211	1	t
442	2541	1798	1	t
443	2543	26	1	t
444	2543	1364	1	t
445	2549	704	1	t
446	2549	694	1	t
447	2550	1426	1	t
448	2551	1833	1	t
449	2552	533	10	\N
450	2553	27	1	t
451	2553	17	1	t
452	2554	2016	1	t
453	2562	1780	1	t
454	2568	1087	1	t
455	2568	1085	1	t
456	2569	807	1	t
457	2573	1049	1	t
458	2577	1517	1	t
459	2578	1729	1	t
460	2582	28	1	t
461	2582	1845	1	t
462	2589	1786	1	t
463	2593	1842	1	t
464	2594	201	1	t
465	2599	1775	1	t
466	2601	2401	1	t
467	2604	2445	1	t
468	2606	1048	1	t
469	2612	869	1	t
470	2616	1934	1	t
471	2618	528	1	t
472	2626	2090	1	t
473	2632	1278	1	t
474	2636	1841	1	t
475	2637	2141	1	t
476	2640	394	1	t
477	2648	821	1	t
478	2649	1279	1	t
479	2654	612	5	f
480	2656	2467	1	t
481	2657	1526	1	t
482	2658	1316	1	t
483	2670	1231	1	t
484	2681	2267	1	t
485	2685	81	1	t
486	2685	2198	1	t
487	2687	2453	1	t
488	2689	2417	1	t
489	2690	1121	1	t
490	2693	923	1	t
491	2694	2454	1	t
492	2695	1436	1	t
493	2696	1135	1	t
494	2697	1552	1	t
495	2701	2154	1	t
496	2703	1435	1	t
497	2712	1084	1	t
498	2725	1985	1	t
499	2726	969	1	t
500	2729	1887	1	t
501	2729	1860	1	t
502	2730	1787	1	t
503	2730	1770	1	t
504	2731	832	1	t
505	2734	1727	1	t
506	2739	703	1	t
507	2739	675	1	t
508	2741	2159	1	t
509	2742	1984	1	t
510	2743	1851	1	t
511	2744	1850	1	t
512	2747	258	1	t
513	2748	2468	1	t
514	2749	1223	1	t
515	2752	611	1	t
516	2759	670	1	t
517	2762	396	1	t
518	2763	1124	1	t
519	2764	1522	1	t
520	2766	1136	1	t
521	2767	1127	1	t
522	2768	1465	1	\N
523	2768	1451	1	t
524	2768	1446	1	t
525	2769	2532	1	t
526	2770	1375	1	t
527	2772	1986	1	t
528	2774	912	1	t
529	2780	1858	1	t
530	2787	960	1	t
531	2791	1728	1	t
532	2794	1383	1	t
533	2795	2146	1	t
534	2798	444	1	t
535	2806	2078	1	t
536	2807	1888	1	t
537	2807	1879	1	t
538	2809	253	1	t
539	2810	2531	1	t
540	2813	1122	1	t
541	2818	65	1	t
542	2818	788	1	t
543	2819	2298	3	\N
544	2819	2278	3	\N
545	2821	722	1	t
546	2824	1079	1	t
547	2832	1987	1	t
548	2835	1733	1	t
549	2839	2442	1	t
550	2843	2313	1	t
551	2845	2423	1	t
552	2848	204	1	t
553	2852	1313	3	t
554	2855	2311	1	t
555	2856	2312	1	t
556	2859	2515	1	t
557	2860	820	1	t
558	2862	1811	1	t
559	2865	2514	1	t
560	2871	589	1	t
561	2873	2298	1	t
562	2873	2278	1	t
563	2879	1287	1	t
564	2882	2415	1	t
565	2883	1374	1	t
566	2887	256	1	t
567	2888	1946	1	t
568	2893	2397	1	t
569	2894	1820	1	t
570	2895	1541	1	t
571	2896	1106	1	t
572	2897	36	1	t
573	2897	1687	1	t
574	2902	1123	1	t
575	2905	2107	1	t
576	2911	2487	1	t
577	2913	1350	1	t
578	2914	2148	1	t
579	2916	1660	1	t
580	2917	1776	1	t
581	2918	588	1	t
582	2921	1210	1	t
583	2922	35	1	t
584	2922	1555	1	t
585	2926	270	1	t
586	2929	2321	1	t
587	2930	2414	1	t
588	2937	1840	1	t
589	2938	1933	1	t
590	2940	2374	1	t
591	2942	2114	1	t
592	2943	700	1	t
593	2946	2418	1	t
594	2948	2163	1	t
595	2950	870	1	t
596	2954	254	1	t
597	2958	1821	1	t
598	2959	2488	1	t
599	2961	868	1	t
600	2966	1707	1	t
601	2967	980	1	t
602	2968	830	1	t
603	2969	2216	1	t
604	2971	199	1	t
605	2973	771	3	t
606	2973	760	3	t
607	2983	2470	1	t
608	2984	1769	1	t
609	2987	1353	1	t
610	2988	33	1	t
611	2988	2008	1	t
612	2989	1788	1	t
613	2989	1765	1	t
614	2989	1719	1	t
615	2990	2155	1	t
616	3001	2060	1	t
617	3003	1779	1	t
618	3004	748	1	t
619	3007	1812	1	t
620	3008	2183	1	t
621	3009	1826	1	t
622	3010	2027	1	t
623	3014	2471	1	t
624	3017	1724	1	t
625	3019	2195	1	t
626	3020	917	1	t
627	3021	780	1	t
628	3022	1462	1	t
629	3023	1288	1	t
630	3026	840	1	t
631	3027	1949	1	t
632	3028	599	1	t
633	3033	1518	1	t
634	3037	1044	1	t
635	3038	1118	1	t
636	3041	517	1	t
637	3041	456	1	t
638	3043	1222	1	t
639	3044	822	1	t
640	3045	1777	1	t
641	3046	34	1	t
642	3047	1954	1	t
643	3049	2393	1	t
644	3051	2331	1	t
645	3052	1423	1	t
646	3056	1290	1	t
647	3057	535	10	\N
648	3057	288	1	t
649	3057	233	1	t
650	3059	1556	1	t
651	3062	1901	1	t
652	3062	1889	1	t
653	3063	1838	1	t
654	3067	1569	1	t
655	3079	1947	1	t
656	3083	1930	1	t
657	3083	1922	1	t
658	3086	1289	1	t
659	3094	1225	1	t
660	3095	1226	1	t
661	3096	1227	1	t
662	3099	1570	1	t
663	3102	1043	1	t
664	3104	1789	1	t
665	3105	1661	1	t
666	3106	2272	1	t
667	3119	1916	1	t
668	3120	1913	1	t
669	3121	918	1	t
670	3122	1563	1	t
671	3124	1393	1	t
672	3125	2153	1	t
673	3126	949	1	t
674	3129	2394	1	t
675	3129	2384	1	t
676	3130	2147	1	t
677	3132	1131	1	t
678	3133	1063	1	t
679	3134	2257	1	t
680	3135	2030	1	t
681	3136	273	1	t
682	3143	1017	1	t
683	3150	1417	1	t
684	3157	2051	1	t
685	3162	541	10	\N
686	3162	312	1	t
687	3164	2113	1	t
688	3165	32	1	t
689	3165	1272	1	t
690	3167	2469	1	t
691	3169	2391	1	t
692	3172	2424	1	t
693	3174	1071	1	t
694	3182	2392	1	t
695	3183	1880	1	t
696	3187	97	1	t
697	3187	958	1	t
698	3189	1790	1	t
699	3190	851	1	t
700	3193	1678	10	\N
701	3193	1662	1	t
702	3194	2396	1	t
703	3194	2383	1	t
704	3195	1539	1	t
705	3196	285	1	t
706	3198	1429	1	t
707	3204	2005	1	t
708	3207	852	1	t
709	3208	757	1	t
710	3210	1291	1	t
711	3212	1086	1	t
712	3215	2007	1	t
713	3216	2422	1	t
714	3218	1911	1	t
716	3227	1988	1	t
717	3228	287	1	t
718	3230	213	1	t
719	3230	31	1	t
720	3232	744	1	t
721	3234	1480	1	t
722	3239	1292	1	t
723	3242	786	1	t
724	3243	1545	1	t
725	3244	1204	1	t
726	3245	1054	1	t
727	3246	866	1	t
728	3247	2031	1	t
729	3250	1573	1	t
730	3251	286	1	t
731	3252	769	1	t
732	3254	2079	1	t
733	3256	1778	1	t
734	3258	1072	1	t
735	3259	1823	1	t
736	3259	1813	1	t
737	3261	1405	1	t
738	3261	1372	1	t
739	3263	30	1	t
740	3264	29	1	t
741	3264	1190	1	t
742	3276	1409	1	t
743	3278	1055	1	t
744	3280	1847	1	t
745	3280	1839	1	t
746	3282	1216	1	t
747	3284	833	1	t
748	3286	2387	1	t
749	3287	1045	1	t
750	3289	1909	1	t
751	3291	1125	1	t
752	3298	2242	1	t
753	3303	509	10	\N
754	3305	437	1	t
755	3308	551	10	\N
756	3308	438	1	t
757	3309	2112	1	t
758	3314	915	1	t
759	3317	2256	1	t
760	3318	627	1	t
761	3319	1294	1	t
762	3320	211	1	t
763	3323	2516	1	t
764	3324	452	1	t
765	3324	251	1	t
766	3328	2269	1	t
767	3329	1021	1	t
768	3330	800	1	t
769	3330	799	1	t
770	3331	2268	1	t
771	3332	617	1	t
772	3333	395	1	t
773	3341	96	1	t
774	3341	1781	1	t
775	3342	1870	1	t
776	3345	1315	1	t
777	3348	1293	1	t
778	3350	241	1	t
779	3352	696	1	t
780	3353	618	1	t
781	3354	1325	1	t
782	3356	531	10	\N
783	3356	441	1	t
784	3356	250	1	t
785	3364	612	1	t
786	3365	417	1	t
787	3366	1604	1	t
788	3367	403	1	t
789	3370	781	1	t
790	3372	2320	1	t
791	3374	2473	1	t
792	3375	483	10	\N
793	3375	482	10	\N
794	3375	436	1	t
795	3376	1269	1	t
796	3377	779	1	t
797	3382	2380	1	t
798	3383	961	1	t
799	3387	867	1	t
800	3388	313	1	t
801	3388	243	1	t
802	3393	2475	1	t
803	3395	981	1	t
804	3399	2474	1	t
805	3400	1296	1	t
806	3404	2425	1	t
807	3409	1157	1	t
808	3412	1574	1	t
809	3417	973	1	t
810	3418	992	1	t
811	3424	1259	10	\N
812	3424	1217	1	t
813	3425	1659	1	t
814	3427	1695	1	t
815	3428	1867	1	t
816	3436	782	1	t
817	3436	778	1	t
818	3438	1295	1	t
819	3441	2172	1	t
820	3443	2266	1	t
821	3446	1365	1	t
822	3447	1271	1	t
823	3448	1158	1	t
824	3449	984	1	t
825	3450	1848	1	t
826	3450	1835	1	t
827	3450	1831	1	t
828	3451	440	1	t
829	3452	1825	1	t
830	3453	2327	1	t
831	3454	1297	1	t
832	3456	971	1	t
833	3458	1370	1	t
834	3459	972	1	t
835	3461	1104	1	t
836	3463	1932	1	t
837	3464	2134	1	t
838	3464	2121	1	t
839	3467	2215	1	t
840	3468	1270	1	t
841	3469	1989	1	t
842	3471	2080	1	t
843	3472	1665	1	t
844	3473	2273	1	t
845	3474	1524	1	t
846	3477	1960	1	t
847	3478	1298	1	t
848	3479	2477	1	t
849	3482	628	1	t
850	3483	774	1	t
851	3485	1064	1	t
852	3486	985	1	t
853	3491	401	1	t
854	3494	87	1	t
855	3498	297	1	t
856	3498	88	1	t
857	3503	1268	1	t
858	3505	1267	1	t
859	3507	2254	1	t
860	3510	2261	1	t
861	3512	916	1	t
862	3516	1723	1	t
863	3519	1300	1	t
864	3520	2151	1	t
865	3521	2478	1	t
866	3525	1457	1	t
867	3526	2262	1	t
868	3528	1771	1	t
869	3528	1763	1	t
870	3533	2255	1	t
871	3534	2381	1	t
872	3536	1218	1	t
873	3537	232	1	t
874	3539	1299	1	t
875	3542	214	1	t
876	3543	445	1	t
877	3544	2263	1	t
878	3546	953	1	t
879	3549	419	1	t
880	3552	974	1	t
881	3553	2284	1	t
882	3553	2265	1	t
883	3555	2264	1	t
884	3557	1567	1	t
885	3558	1565	1	t
886	3559	2283	1	t
887	3561	293	1	t
888	3563	603	1	t
889	3564	1059	1	t
890	3566	1868	1	t
891	3567	1571	1	t
892	3568	2377	1	t
893	3569	1993	1	t
894	3575	2249	1	t
895	3577	745	1	t
896	3579	1554	1	t
897	3582	255	1	t
898	3584	1536	1	t
899	3586	584	1	t
900	3587	2218	1	t
901	3588	1712	1	t
902	3588	1706	1	t
903	3593	2111	1	t
904	3594	701	1	t
905	3599	1116	1	t
906	3600	1117	1	t
907	3603	924	1	t
908	3604	2258	1	t
909	3605	1140	1	t
910	3607	1943	1	t
911	3608	1603	1	t
912	3614	1119	1	t
913	3615	67	1	t
914	3615	1766	1	t
915	3616	1762	1	t
916	3626	1403	10	\N
917	3626	1382	1	t
918	3628	1730	1	t
919	3630	86	1	t
920	3630	1487	1	t
921	3631	1095	1	t
922	3635	863	1	t
923	3638	776	1	t
924	3639	208	1	t
925	3640	2323	1	t
926	3647	2479	1	t
927	3650	1936	1	t
928	3651	910	1	t
929	3652	85	3	t
930	3652	15	1	t
931	3652	1326	1	t
932	3658	410	1	t
933	3660	864	1	t
934	3661	865	1	t
935	3662	66	1	t
936	3662	2032	1	t
937	3662	2014	1	t
938	3664	206	1	t
939	3665	954	1	t
940	3666	2253	1	t
941	3669	2048	1	t
942	3675	2081	1	t
943	3677	1431	1	t
944	3678	1760	1	t
945	3688	975	1	t
946	3690	839	1	t
947	3691	909	1	t
948	3694	12	1	t
949	3694	671	1	t
950	3695	1037	1	t
951	3697	1951	1	t
952	3699	1926	5	f
953	3699	1925	5	f
954	3702	301	1	t
955	3704	1012	1	t
956	3708	2271	1	t
957	3713	443	1	t
958	3714	2217	1	t
959	3716	1795	1	t
960	3718	2390	1	t
961	3720	296	1	t
962	3720	291	1	t
963	3721	1794	1	t
964	3723	2213	1	t
965	3726	2324	1	t
966	3733	231	1	t
967	3739	230	1	t
968	3740	2270	1	t
969	3741	2036	1	t
970	3745	2277	1	t
971	3746	2252	1	t
972	3750	882	1	t
973	3751	2426	1	t
974	3752	2382	1	t
975	3755	1950	1	t
976	3757	1115	1	t
977	3762	920	1	t
978	3768	1824	1	t
979	3770	2137	1	t
980	3773	606	1	t
981	3773	604	1	t
982	3774	1792	1	t
983	3774	1731	1	t
984	3775	1940	1	t
985	3776	2378	1	t
986	3778	1942	1	t
987	3782	3	5	f
988	3782	2328	1	t
989	3783	1301	1	t
990	3791	1088	1	t
991	3792	941	1	t
992	3795	1992	1	t
993	3797	1990	1	t
994	3798	1793	1	t
995	3799	84	1	t
996	3799	1725	1	t
997	3802	594	1	t
998	3803	862	1	t
999	3806	2518	1	t
1000	3808	1679	1	t
1001	3808	1673	10	\N
1002	3808	1658	1	t
1003	3809	2452	1	t
1004	3818	2451	1	t
1005	3820	2410	1	t
1006	3821	625	1	t
1007	3831	1150	1	t
1008	3832	442	1	t
1009	3833	1544	1	t
1010	3835	1266	1	t
1011	3843	879	1	t
1012	3853	1572	1	t
1013	3856	911	1	t
1014	3857	2235	1	t
1015	3860	1525	1	t
1016	3862	2130	1	t
1017	3862	2108	1	t
1018	3863	2156	1	t
1019	3864	2388	1	t
1020	3876	242	1	t
1021	3885	1540	1	t
1022	3887	1905	10	\N
1023	3889	1551	1	t
1024	3890	1155	1	t
1025	3891	2131	1	t
1026	3891	2110	1	t
1027	3896	2200	1	t
1028	3897	596	1	t
1029	3903	1995	1	t
1030	3904	1722	1	t
1031	3911	83	1	t
1032	3913	595	1	t
1033	3915	605	1	t
1034	3917	2133	1	t
1035	3917	2120	1	t
1036	3921	1998	1	t
1037	3928	406	1	t
1038	3931	433	1	t
1039	3932	881	1	t
1040	3933	836	1	t
1041	3935	1761	1	t
1042	3941	1737	1	t
1043	3942	1437	1	t
1044	3944	2214	1	t
1045	3946	415	1	t
1046	3947	1672	10	\N
1047	3947	1656	1	t
1048	3952	2236	1	t
1049	3958	1549	1	t
1050	3963	775	1	t
1051	3966	1413	1	t
1052	3967	326	10	\N
1053	3967	266	1	t
1054	3971	1905	10	\N
1055	3974	1997	1	t
1056	3974	1996	1	t
1057	3975	2047	1	t
1058	3981	2379	1	t
1059	3982	1671	1	t
1060	3982	1657	1	t
1061	3983	1883	1	t
1062	3984	2287	1	t
1063	3991	459	10	\N
1064	3991	423	1	t
1065	3993	2376	1	t
1066	3998	1416	1	t
1067	3999	267	1	t
1068	4001	626	1	t
1069	4007	2406	1	t
1070	4008	1438	1	t
1071	4010	516	10	\N
1072	4012	259	1	t
1073	4013	268	1	t
1074	4014	2023	1	t
1075	4015	2022	1	t
1076	4017	407	1	t
1077	4020	2444	1	t
1078	4023	785	1	t
1079	4029	2238	1	t
1080	4031	1948	1	t
1081	4036	82	1	t
1082	4036	1558	1	t
1083	4037	2511	1	t
1084	4041	2052	1	t
1085	4050	1156	1	t
1086	4051	1154	1	t
1087	4053	746	1	t
1088	4055	2409	1	t
1089	4055	2405	1	t
1090	4062	1859	1	t
1091	4063	196	1	t
1092	4070	490	10	\N
1093	4070	489	10	\N
1094	4070	412	1	t
1095	4075	453	1	t
1096	4080	431	1	t
1097	4081	2412	1	t
1098	4082	2407	1	t
1099	4083	2408	1	t
1100	4085	861	1	t
1101	4092	2233	1	t
1102	4093	761	1	t
1103	4093	747	1	t
1104	4094	1564	1	t
1105	4096	1816	1	t
1106	4097	1432	1	t
1107	4098	1935	1	t
1108	4104	2411	1	t
1109	4108	939	5	f
1110	4108	883	1	t
1111	4118	1994	1	t
1112	4120	2125	1	t
1113	4121	405	1	t
1114	4121	239	1	t
1115	4133	404	1	t
1116	4138	1219	1	t
1117	4141	2314	1	t
1118	4143	577	10	\N
1119	4143	294	1	t
1120	4149	2386	1	t
1121	4157	2413	1	t
1122	4164	2326	1	t
1123	4169	411	1	t
1124	4171	2480	1	t
1125	4172	432	1	t
1126	4172	420	1	t
1127	4180	619	1	t
1128	4180	577	5	f
1129	4180	669	5	f
1130	4185	450	1	t
1131	4188	935	1	t
1132	4188	880	1	t
1133	4192	1505	1	t
1134	4192	1504	10	\N
1135	4196	74	1	t
1136	4196	2365	1	t
1137	4197	218	10	\N
1138	4197	217	10	\N
1139	4213	2045	1	t
1140	4229	995	1	t
1141	4232	1379	1	t
1142	4235	416	1	t
1143	4240	2533	1	t
1144	4258	2091	1	t
1145	4258	2083	1	t
1146	4259	2232	1	t
1147	4260	962	1	t
1148	4266	2285	1	t
1149	4268	1404	1	\N
1150	4268	1381	1	t
1151	4272	2481	1	t
1152	4272	2450	1	t
1153	4281	1609	1	t
1154	4284	2012	1	t
1155	4286	624	1	t
1156	4287	1605	1	t
1157	4297	1689	1	t
1158	4299	983	1	t
1159	4301	424	1	t
1160	4301	325	10	\N
1161	4311	766	3	t
1162	4311	752	1	t
1163	4311	751	1	t
1164	4311	749	1	t
1165	4311	731	5	f
1166	4311	730	5	f
1167	4311	729	5	f
1168	4322	60	1	t
1169	4322	1527	1	t
1170	4331	2482	1	t
1171	4341	1460	1	t
1172	4343	755	1	t
1173	4351	1999	1	t
1174	4354	2476	1	t
1175	4357	237	10	\N
1176	4374	1520	1	t
1177	4375	1606	1	t
1178	4379	753	1	t
1179	4379	750	1	t
1180	4380	59	1	t
1181	4380	2288	1	t
1182	4383	244	1	t
1183	4384	100	1	t
1184	4384	2061	1	t
1185	4387	1147	1	t
1186	4391	1380	1	t
1187	4392	959	1	t
1188	4397	952	1	t
1189	4402	1502	1	t
1190	4406	655	1	t
1191	4409	2483	1	t
1192	4424	1736	1	t
1193	4433	706	1	t
1194	4441	854	1	t
1195	4449	622	1	t
1196	4451	2001	1	t
1197	4454	2347	10	\N
1198	4463	913	1	t
1199	4464	1428	1	t
1200	4466	1924	10	\N
1201	4466	1923	10	\N
1202	4467	421	1	t
1203	4474	58	1	t
1204	4474	2199	1	t
1205	4479	1739	1	t
1206	4481	623	1	t
1207	4483	1791	1	t
1208	4483	1735	1	t
1209	4486	68	1	t
1210	4486	1367	1	t
1211	4490	1927	3	t
1212	4493	1506	1	t
1213	4494	2082	1	t
1214	4506	542	10	\N
1215	4507	422	1	t
1216	4513	2000	1	t
1217	4524	860	1	t
1218	4536	1853	1	t
1219	4545	658	1	t
1220	4547	660	1	t
1221	4563	2455	1	t
1222	4573	657	1	t
1223	4575	1260	10	\N
1224	4581	573	10	\N
1225	4593	1907	1	t
1226	4597	1543	1	t
1227	4603	1302	1	t
1228	4604	467	10	\N
1229	4605	1259	1	t
1230	4606	1065	1	t
1231	4607	2385	1	t
1232	4609	1424	1	t
1233	4609	1420	1	t
1234	4616	1849	1	t
1235	4616	1846	1	t
1236	4616	1832	1	t
1237	4618	2293	1	t
1238	4618	2239	1	t
1239	4621	1273	1	t
1240	4622	3	5	\N
1241	4627	1533	1	t
1242	4630	43	1	t
1243	4630	2234	1	t
1244	4635	2136	1	t
1245	4644	5	1	t
1246	4644	2289	1	t
1247	4647	1328	1	t
1248	4670	1693	1	t
1249	4672	246	1	t
1250	4674	42	1	t
1251	4674	3	5	f
1252	4674	2366	1	t
1253	4678	720	10	\N
1254	4680	1683	1	t
1255	4683	2230	1	t
1256	4687	1007	1	t
1257	4696	2002	1	t
1258	4699	1394	1	t
1259	4701	1902	1	t
1260	4707	1327	1	t
1261	4710	414	1	t
1262	4711	217	10	\N
1263	4713	663	10	\N
1264	4714	2457	1	t
1265	4717	1697	1	t
1266	4718	667	10	\N
1267	4721	708	1	t
1268	4723	75	1	t
1269	4724	435	1	t
1270	4725	1675	1	t
1271	4726	1011	1	t
1272	4731	72	1	t
1273	4732	513	10	\N
1274	4735	2295	1	t
1275	4735	2229	1	t
1276	4739	968	1	t
1277	4744	63	1	t
1278	4744	1146	1	t
1279	4748	1412	1	t
1280	4754	982	1	t
1281	4755	1690	1	t
1282	4759	103	1	t
1283	4759	2084	1	t
1284	4763	754	1	t
1285	4764	2171	3	t
1286	4764	2167	1	t
1287	4765	529	10	\N
1288	4765	481	10	\N
1289	4765	451	1	t
1290	4769	2128	1	t
1291	4771	709	1	t
1292	4771	707	1	t
1293	4785	480	10	\N
1294	4785	479	10	\N
1295	4785	478	10	\N
1296	4785	477	10	\N
1297	4785	476	10	\N
1298	4785	245	1	t
1299	4787	1553	1	t
1300	4791	1233	1	t
1301	4800	1676	1	t
1302	4802	1057	1	t
1303	4812	2333	10	\N
1304	4815	1220	1	t
1305	4818	1782	1	t
1306	4819	759	10	\N
1307	4833	710	1	t
1308	4834	16	1	t
1309	4834	1530	1	t
1310	4835	602	1	t
1311	4835	18	1	t
1312	4838	434	1	t
1313	4839	413	1	t
1314	4849	1191	1	t
1315	4851	2013	1	t
1316	4853	2037	1	t
1317	4860	247	1	t
1318	4864	2085	1	t
1319	4866	71	1	t
1320	4866	2003	1	t
1321	4868	1532	1	t
1322	4876	13	1	t
1323	4881	1376	1	t
1324	4882	1920	1	t
1325	4884	2041	1	t
1326	4884	1921	1	t
1327	4887	98	1	t
1328	4889	69	1	t
1329	4894	1492	1	t
1330	4897	979	1	t
1331	4897	976	1	t
1332	4900	3	5	\N
1333	4905	1425	1	t
1334	4908	502	10	\N
1335	4908	327	10	\N
1336	4911	758	10	\N
1337	4912	858	1	t
1338	4912	857	1	t
1339	4913	1377	1	t
1340	4919	70	1	t
1341	4919	1371	1	t
1342	4931	1152	1	t
1343	4938	2371	1	t
1344	4941	1732	1	t
1345	4950	2438	10	\N
1346	4950	2362	10	\N
1347	4950	2361	10	\N
1348	4950	2352	10	\N
1349	4955	1308	1	t
1350	4965	2088	1	t
1351	4973	41	1	t
1352	4973	40	1	t
1353	4973	4	1	t
1354	4973	2004	1	t
1355	4978	101	1	t
1356	4978	914	1	t
1357	4979	2127	1	t
1358	4979	2126	1	t
1359	4980	2160	1	t
1360	4981	248	1	t
1361	4981	39	1	t
1362	4990	2089	1	t
1363	4992	978	1	t
1364	4998	57	1	t
1365	4998	1153	1	t
1366	5009	485	5	f
1367	5009	460	5	f
1368	5009	295	1	t
1369	5012	856	1	t
1370	5028	1491	1	t
1371	5031	446	1	t
1372	5034	1306	1	t
1373	5044	1855	1	t
1374	5045	1305	1	t
1375	5046	1548	1	t
1376	5070	2142	1	t
1377	5074	484	10	\N
1378	5074	462	10	\N
1379	5074	418	1	t
1380	5083	2297	10	\N
1381	5089	2363	10	\N
1382	5092	463	10	\N
1383	5093	466	10	\N
1384	5095	56	1	t
1385	5102	951	1	t
1386	5102	950	1	t
1387	5104	711	1	t
1388	5109	2222	10	\N
1389	5109	2221	10	\N
1390	5111	226	1	t
1391	5115	637	1	t
1392	5118	466	10	\N
1393	5119	1128	1	t
1394	5123	1258	1	t
1395	5124	1309	1	t
1396	5127	1357	1	t
1397	5133	2100	1	t
1398	5141	62	1	t
1399	5149	1066	1	t
1400	5152	1961	1	t
1401	5157	770	1	t
1402	5157	723	1	t
1403	5159	1056	1	t
1404	5165	2286	1	t
1405	5169	2441	1	t
1406	5175	2094	1	t
1407	5181	61	1	t
1408	5188	1276	1	t
1409	5201	1010	1	t
1410	5202	54	1	t
1411	5202	3	1	t
1412	5217	55	1	t
1413	5217	2025	1	t
1414	5218	712	1	t
1415	5220	1610	1	t
1416	5221	1529	1	t
1417	5222	1283	1	t
1418	5246	52	1	t
1419	5246	1427	1	t
1420	5248	51	1	t
1421	5248	784	1	t
1422	5271	713	1	t
1423	5273	621	1	t
1424	5279	666	10	\N
1425	5288	2512	1	t
1426	5289	1282	1	t
1427	5296	1896	1	t
1428	5299	50	1	t
1429	5299	1611	1	t
1430	5308	1275	1	t
1431	5320	53	1	t
1432	5320	2240	1	t
1433	5324	487	5	\N
1434	5324	486	5	\N
1435	5324	458	5	\N
1436	5324	409	1	t
1437	5325	1519	1	t
1438	5329	2225	1	t
1439	5342	575	10	\N
1440	5342	574	10	\N
1441	5343	1906	1	t
1442	5372	1692	1	t
1443	5372	1691	1	t
1444	5375	765	1	t
1445	5381	2428	10	\N
1446	5381	2398	10	\N
1447	5390	1685	1	t
1448	5390	1684	1	t
1449	5391	49	1	t
1450	5391	1768	1	t
1451	5394	1356	1	t
1452	5396	1028	1	t
1453	5396	1027	1	t
1454	5410	507	10	\N
1455	5410	506	10	\N
1456	5410	505	10	\N
1457	5411	38	1	t
1458	5411	2228	1	t
1459	5413	2419	10	\N
1460	5415	2419	10	\N
1461	5416	878	1	t
1462	5422	2484	1	t
1463	5435	715	1	t
1464	5444	1914	1	t
1465	5454	1178	1	t
1466	5456	2093	1	t
1467	5462	714	1	t
1468	5472	716	1	t
1469	5473	47	1	t
1470	5479	859	1	t
1471	5479	855	1	t
1472	5479	844	1	f
1473	5485	94	1	t
1474	5485	2315	1	t
1475	5486	48	1	t
1476	5486	2389	1	t
1477	5503	853	1	t
1478	5509	504	10	\N
1479	5509	503	10	\N
1480	5509	502	10	\N
1481	5511	494	10	\N
1482	5511	488	10	\N
1483	5511	475	10	\N
1484	5511	464	10	\N
1485	5511	222	10	\N
1486	5511	221	10	\N
1487	5526	2367	1	t
1488	5526	2329	1	t
1489	5532	2077	1	t
1490	5536	223	10	\N
1491	5538	1953	1	t
1492	5539	220	10	\N
1493	5547	1680	1	\N
1494	5547	1674	1	t
1495	5556	2330	1	t
1496	5557	2485	1	t
1497	5558	2440	10	\N
1498	5580	498	10	\N
1499	5582	502	10	\N
1500	5582	501	10	\N
1501	5606	615	1	t
1502	5606	46	1	t
1503	5606	662	1	t
1504	5613	1280	1	t
1505	5614	73	1	t
1506	5614	1310	1	t
1507	5623	1078	1	t
1508	5625	957	1	t
1509	5636	601	1	t
1510	5637	717	1	t
1511	5638	102	1	t
1512	5638	1718	1	t
1513	5642	80	1	t
1514	5645	1221	1	t
1515	5648	79	1	t
1516	5648	1928	1	t
1517	5650	1944	1	t
1518	5651	607	1	t
1519	5651	600	1	t
1520	5655	45	1	t
1521	5655	2368	1	t
1522	5666	1312	5	f
1523	5666	1311	5	f
1524	5666	1286	5	f
1525	5666	1281	5	f
1526	5673	78	1	t
1527	5675	2292	1	t
1528	5675	2231	1	t
1529	5677	1976	10	\N
1530	5677	1975	10	\N
1531	5678	77	1	t
1532	5683	76	1	t
1533	5691	1421	1	t
1534	5699	718	1	t
1535	5702	2404	1	t
1536	5708	2403	1	t
1537	5712	488	10	\N
1538	5712	464	10	\N
1539	5713	494	10	\N
1540	5713	222	10	\N
1541	5714	576	10	\N
1542	5714	499	10	\N
1543	5716	475	10	\N
1544	5716	464	10	\N
1545	5717	222	10	\N
1546	5717	221	10	\N
1547	5719	64	1	t
1548	5719	2049	1	t
1549	5735	1041	1	t
1550	5735	1026	1	t
1551	5736	2486	1	t
1552	5738	99	1	t
1553	5738	1856	1	t
1554	5746	1466	1	t
1555	5750	1575	1	t
1556	5764	2512	1	t
1557	5765	1076	1	t
1558	5766	1542	1	t
1559	5769	1422	1	t
1560	5773	2132	5	\N
1561	5775	7	1	t
1562	5775	1366	1	t
1563	5777	307	10	\N
1564	5778	491	10	\N
1565	5778	260	1	t
1566	5779	1919	1	t
1567	5780	579	1	t
1568	5784	447	1	t
1569	5784	210	1	t
1570	5787	1547	1	t
1571	5794	1068	1	t
1572	5801	2513	1	t
1573	5802	2419	10	\N
1574	5819	324	10	\N
1575	5819	257	1	t
1576	5824	44	1	t
1577	5824	1918	1	t
1578	5825	271	1	t
1579	5831	2062	1	t
1580	5838	6	1	t
1581	5838	2400	1	t
1582	5851	1060	1	t
1583	5856	468	10	\N
1584	5868	1696	1	t
1585	5871	10	1	t
1586	5873	1145	10	\N
1587	5873	1137	1	t
1588	5874	1815	1	t
1589	5881	1080	5	f
1590	5881	2212	5	f
1591	5882	1093	5	f
1592	5891	1108	1	t
1593	5893	1173	1	t
1594	5904	225	10	\N
1595	5904	224	10	\N
1596	5907	9	1	t
1597	5927	1189	10	\N
1598	5928	2092	1	t
1599	5939	643	1	t
1600	5941	809	1	t
1601	5945	1025	1	t
1602	5946	849	5	f
1603	5946	848	5	f
1604	5957	1546	1	t
1605	5974	2103	1	t
1606	5977	2184	1	t
1607	5978	2174	1	t
1608	5981	661	10	\N
1609	6022	956	1	t
1610	6028	963	1	t
1611	6031	300	1	t
1612	6032	661	10	\N
1613	6033	1904	10	\N
1614	6043	1285	5	\N
1615	6043	1284	5	\N
1616	6044	380	10	\N
1617	6044	379	10	\N
1618	6050	1303	1	t
1619	6052	1304	1	t
1620	6065	943	1	t
1621	6066	448	1	t
1622	6068	2208	1	t
1623	6074	2434	10	\N
1624	6087	375	10	\N
1625	6087	374	10	\N
1626	6087	373	10	\N
1627	6087	372	10	\N
1628	6087	371	10	\N
1629	6087	370	10	\N
1630	6087	369	10	\N
1631	6087	368	10	\N
1632	6087	356	10	\N
1633	6087	355	10	\N
1634	6087	229	10	\N
1635	6091	381	10	\N
1636	6092	572	10	\N
1637	6092	571	10	\N
1638	6092	570	10	\N
1639	6092	393	10	\N
1640	6092	392	10	\N
1641	6092	391	10	\N
1642	6092	390	10	\N
1643	6092	389	10	\N
1644	6092	388	10	\N
1645	6092	387	10	\N
1646	6092	386	10	\N
1647	6092	385	10	\N
1648	6092	384	10	\N
1649	6092	383	10	\N
1650	6092	382	10	\N
1651	6093	345	10	\N
1652	6093	344	10	\N
1653	6093	343	10	\N
1654	6093	342	10	\N
1655	6093	341	10	\N
1656	6093	340	10	\N
1657	6093	339	10	\N
1658	6093	338	10	\N
1659	6093	337	10	\N
1660	6093	336	10	\N
1661	6114	2276	10	\N
1662	6115	569	10	\N
1663	6115	568	10	\N
1664	6115	567	10	\N
1665	6115	566	10	\N
1666	6115	565	10	\N
1667	6116	561	10	\N
1668	6116	361	10	\N
1669	6116	360	10	\N
1670	6117	560	10	\N
1671	6117	559	10	\N
1672	6117	359	10	\N
1673	6118	560	10	\N
1674	6118	378	10	\N
1675	6118	377	10	\N
1676	6118	376	10	\N
1677	6143	366	10	\N
1678	6143	365	10	\N
1679	6143	364	10	\N
1680	6143	363	10	\N
1681	6143	362	10	\N
1682	6143	278	10	\N
1683	6143	277	10	\N
1684	6151	557	10	\N
1685	6151	358	10	\N
1686	6151	357	10	\N
1687	6152	564	10	\N
1688	6155	877	1	t
1689	6155	847	1	t
1690	6156	1034	10	\N
1691	6156	1033	10	\N
1692	6156	1031	10	\N
1693	6156	1029	10	\N
1694	6162	563	10	\N
1695	6162	562	10	\N
1696	6173	262	1	t
1697	6176	955	1	t
1698	6178	1113	1	t
1699	6184	945	1	t
1700	6185	1608	1	t
1701	6185	1607	1	t
1702	6188	1710	10	\N
1703	6188	1709	10	\N
1704	6195	795	10	\N
1705	6198	558	10	\N
1706	6198	512	10	\N
1707	6219	328	10	\N
1708	6219	281	10	\N
1709	6219	280	10	\N
1710	6220	398	1	t
1711	6220	397	1	t
1712	6220	263	1	t
1713	6232	367	10	\N
1714	6238	457	5	f
1715	6238	264	1	t
1716	6238	215	1	t
1717	6244	356	10	\N
1718	6244	355	10	\N
1719	6245	1101	10	\N
1720	6245	1100	10	\N
1721	6257	1515	10	\N
1722	6257	1514	10	\N
1723	6257	1513	10	\N
1724	6259	558	10	\N
1725	6259	512	10	\N
1726	6270	1877	10	\N
1727	6276	354	10	\N
1728	6277	1430	1	t
1729	6281	353	10	\N
1730	6292	944	1	t
1731	6309	261	1	t
1732	6314	1200	5	f
1733	6314	1199	5	f
1734	6323	597	10	\N
1735	6324	597	10	\N
1736	6329	1890	10	\N
1737	6330	1891	10	\N
1738	6332	1892	10	\N
1739	6344	2180	10	\N
1740	6347	292	10	\N
1741	6349	1198	10	\N
1742	6349	1177	10	\N
1743	6349	1175	10	\N
1744	6357	474	10	\N
1745	6365	8	1	t
1746	6365	2024	1	t
1747	6377	449	1	t
1748	6377	331	10	\N
1749	6393	216	10	\N
1750	6403	597	10	\N
1751	6429	557	10	\N
1752	6429	358	10	\N
1753	6429	357	10	\N
1754	6432	279	10	\N
1755	6433	276	10	\N
1756	6433	275	10	\N
1757	6433	274	10	\N
1758	6441	1441	10	\N
1759	6446	512	5	f
1760	6446	497	5	f
1761	6446	496	5	f
1762	6446	457	5	f
1763	6446	276	5	f
1764	6446	275	5	f
1765	6446	274	5	f
1766	6446	234	1	t
1767	6446	228	1	t
1768	6451	727	1	t
1769	6452	511	10	\N
1770	6452	510	10	\N
1771	6452	460	10	\N
1772	6452	303	1	t
1773	6455	925	1	t
1774	6458	1073	1	t
1775	6459	2210	10	\N
1776	6471	1005	1	t
1777	6471	1001	10	\N
1778	6471	1000	10	\N
1779	6471	999	10	\N
1780	6471	998	10	\N
1781	6471	997	10	\N
1782	6475	1433	1	t
1783	6484	290	1	t
1784	6492	1677	1	t
1785	6497	1796	1	t
1786	6500	428	1	t
1787	6507	1630	10	\N
1788	6507	1601	10	\N
1789	6514	737	5	f
1790	6514	736	5	f
1791	6514	726	5	f
1792	6514	725	5	f
1793	6515	2182	1	t
1794	6520	1442	1	t
1795	6529	352	10	\N
1796	6544	1114	1	t
1797	6544	1102	10	\N
1798	6594	1174	10	\N
1799	6599	1211	10	\N
1800	6621	756	1	t
1803	6657	555	10	\N
1804	6657	351	10	\N
1805	6657	350	10	\N
1806	6657	349	10	\N
1807	6657	348	10	\N
1808	6657	304	10	\N
1809	6663	1361	1	t
1810	6666	1098	10	\N
1811	6675	1401	5	\N
1812	6736	845	1	t
1813	6744	556	10	\N
1814	6744	474	10	\N
1815	6775	1471	10	\N
1816	6777	347	10	\N
1817	6782	1008	1	t
1818	6797	554	10	\N
1819	6812	1174	10	\N
1820	6826	2274	1	t
1821	6834	1398	10	\N
1822	6835	1400	5	\N
1823	6836	1389	10	\N
1824	6865	1089	1	t
1825	6884	2436	10	\N
1826	6884	2435	10	\N
1827	6885	2437	10	\N
1828	6900	719	1	t
1829	6915	1628	10	\N
1830	6917	1668	10	\N
1831	6918	1667	10	\N
1832	6919	1669	10	\N
1833	6920	1681	10	\N
1834	6920	1670	10	\N
1835	6920	1666	10	\N
1836	6936	2430	10	\N
1837	6936	2317	10	\N
1838	6950	314	1	t
1839	6950	311	10	\N
1840	6950	310	10	\N
1841	6950	309	10	\N
1842	6950	308	10	\N
1843	6952	891	10	\N
1844	6952	884	10	\N
1845	6953	890	10	\N
1846	6953	888	10	\N
1847	6953	886	10	\N
1848	6953	885	10	\N
1849	6961	653	1	t
1850	6962	942	1	t
1851	6969	2319	10	\N
1852	6973	1814	1	t
1853	6998	474	10	\N
1854	6998	430	1	t
1855	6999	156	1	t
1856	7005	1318	10	\N
1857	7008	2343	10	\N
1858	7014	1399	5	\N
1859	7014	1384	10	\N
1860	7015	1387	10	\N
1861	7035	200	1	t
1862	7037	1917	1	t
1863	7045	429	1	t
1864	7068	1195	10	\N
1865	7073	2429	10	\N
1866	7078	2364	10	\N
1867	7082	1320	10	\N
1868	7083	1321	10	\N
1869	7083	1320	10	\N
1870	7090	733	10	\N
1871	7090	728	10	\N
1872	7097	1401	5	\N
1873	7098	1402	10	\N
1874	7106	315	10	\N
1875	7106	236	10	\N
1876	7106	235	10	\N
1877	7114	664	5	\N
1878	7118	642	10	\N
1879	7118	641	10	\N
1880	7118	640	10	\N
1881	7118	639	10	\N
1882	7119	1971	10	\N
1883	7119	1970	10	\N
1884	7119	1969	10	\N
1885	7119	1968	10	\N
1886	7119	1967	10	\N
1887	7119	1966	10	\N
1888	7119	1962	10	\N
1889	7120	2006	10	\N
1890	7120	1974	10	\N
1891	7120	1965	10	\N
1892	7120	1964	10	\N
1893	7121	654	1	t
1894	7127	2207	10	\N
1895	7142	1330	10	\N
1896	7152	1329	10	\N
1897	7154	2338	10	\N
1898	7160	2346	10	\N
1899	7160	2345	10	\N
1900	7161	2439	10	\N
1901	7161	2341	10	\N
1902	7161	2339	10	\N
1903	7161	2338	10	\N
1904	7161	2337	10	\N
1905	7161	2336	10	\N
1906	7164	893	10	\N
1907	7165	656	1	t
1908	7177	265	1	t
1909	7180	11	1	t
1910	7182	1176	10	\N
1911	7214	426	1	t
1912	7214	324	10	\N
1913	7221	2306	10	\N
1914	7221	2305	10	\N
1915	7222	2309	10	\N
1916	7222	2308	10	\N
1917	7222	2307	10	\N
1918	7222	2302	10	\N
1919	7223	2310	10	\N
1920	7228	1397	5	\N
1921	7229	1386	10	\N
1922	7241	307	1	t
1923	7241	2334	10	\N
1924	7244	1036	10	\N
1925	7246	798	10	\N
1926	7249	1702	10	\N
1927	7249	1701	10	\N
1928	7249	1700	10	\N
1929	7249	1699	10	\N
1930	7249	1698	10	\N
1931	7264	2300	10	\N
1932	7301	1392	10	\N
1933	7310	763	10	\N
1934	7310	762	10	\N
1935	7319	1414	10	\N
1936	7329	777	10	\N
1937	7330	272	1	t
1938	7331	112	1	t
1939	7332	197	1	t
1940	7337	850	1	t
1941	7339	216	10	\N
1942	7342	427	1	t
1943	7348	1099	10	\N
1944	7359	1004	1	t
1945	7359	1001	10	\N
1946	7360	158	1	t
1947	7361	1363	1	t
1948	7366	1873	10	\N
1949	7374	1653	1	t
1950	7390	659	1	t
1951	7398	161	1	t
1952	7404	160	1	t
1953	7404	159	1	t
1954	7412	1396	5	\N
1955	7417	1579	10	\N
1956	7420	1336	10	\N
1957	7420	1335	10	\N
1958	7420	1333	10	\N
1959	7422	1557	1	t
1960	7441	1625	10	\N
1961	7454	2427	10	\N
1962	7465	1194	10	\N
1963	7469	1631	10	\N
1964	7483	1179	10	\N
1965	7505	113	1	t
1966	7519	408	1	t
1967	7547	1006	1	t
1968	7550	1075	5	f
1969	7558	846	5	f
1970	7562	2432	10	\N
1971	7570	163	1	t
1972	7570	157	1	t
1973	7571	834	1	t
1974	7600	346	10	\N
1975	7611	1893	10	\N
1976	7615	2304	1	t
1977	7616	1317	10	\N
1978	7616	1314	10	\N
1979	7617	1323	10	\N
1980	7617	1322	10	\N
1981	7617	1319	10	\N
1983	7620	787	1	t
1984	7624	2181	10	\N
1985	7624	2178	10	\N
1986	7624	2177	10	\N
1987	7625	2185	10	\N
1988	7625	2175	10	\N
1989	7635	1265	10	\N
1990	7635	1246	10	\N
1991	7648	1369	1	t
1992	7648	1368	1	t
1993	7656	1257	1	t
1994	7664	2220	10	\N
1995	7673	1032	10	\N
1996	7675	1843	5	f
1997	7691	1345	10	\N
1998	7702	987	10	\N
1999	7702	986	10	\N
2000	7715	185	1	t
2001	7718	2099	1	t
2002	7722	1264	10	\N
2003	7722	1262	10	\N
2004	7739	1024	1	t
2005	7750	2129	1	t
2006	7752	227	1	t
2007	7757	1395	5	\N
2008	7775	630	1	t
2009	7784	1884	1	t
2010	7790	1385	10	\N
2011	7791	1274	1	t
2012	7796	321	10	\N
2013	7796	320	10	\N
2014	7808	2335	10	\N
2015	7818	2106	1	t
2016	7824	1626	10	\N
2017	7833	1263	10	\N
2018	7835	1261	10	\N
2019	7835	1245	10	\N
2020	7844	472	10	\N
2021	7844	471	10	\N
2022	7844	470	10	\N
2023	7845	2316	1	t
2024	7847	473	10	\N
2025	7853	2057	10	\N
2026	7868	791	10	\N
2027	7868	790	10	\N
2028	7868	789	10	\N
2029	7877	2194	1	t
2030	7880	1834	5	f
2031	7883	306	10	\N
2032	7904	937	1	t
2033	7906	1341	10	\N
2034	7907	1893	10	\N
2035	7908	1894	10	\N
2036	7908	1875	10	\N
2037	7910	1726	1	t
2038	7916	734	10	\N
2039	7919	1144	10	\N
2040	7925	184	1	t
2041	7930	1600	4	\N
2042	7930	1577	4	\N
2043	7930	1576	4	\N
2044	7931	1629	10	\N
2045	7932	305	10	\N
2046	7934	2192	5	f
2047	7934	2191	5	f
2048	7934	2190	5	f
2049	7935	165	1	t
2050	7941	2342	10	\N
2051	7957	1148	10	\N
2052	7961	1038	1	t
2053	7970	1958	10	\N
2054	7970	1957	10	\N
2055	7970	1956	10	\N
2056	7970	1955	10	\N
2057	8009	936	1	t
2058	8009	901	5	\N
2059	8009	900	10	\N
2060	8009	899	10	\N
2061	8009	898	10	\N
2062	8009	897	10	\N
2063	8009	896	10	\N
2064	8010	938	1	t
2065	8010	904	10	\N
2066	8010	903	10	\N
2067	8010	894	10	\N
2068	8020	115	1	t
2069	8039	1391	10	\N
2070	8039	1388	10	\N
2071	8044	874	5	f
2072	8044	873	5	f
2073	8049	1963	10	\N
2074	8055	1596	4	\N
2075	8055	1595	4	\N
2076	8055	1594	4	\N
2077	8055	1593	4	\N
2078	8055	1592	4	\N
2079	8055	1591	4	\N
2080	8055	1590	4	\N
2081	8055	1589	4	\N
2082	8055	1588	4	\N
2083	8055	1587	4	\N
2084	8055	1586	4	\N
2085	8055	1580	4	\N
2086	8061	1704	10	\N
2087	8061	1703	10	\N
2088	8069	1340	10	\N
2089	8069	1339	10	\N
2090	8069	1338	10	\N
2091	8069	1337	10	\N
2092	8074	1893	10	\N
2093	8087	1454	10	\N
2094	8092	2340	10	\N
2095	8095	593	10	\N
2096	8102	2050	1	t
2097	8115	1354	1	t
2098	8115	1324	1	t
2099	8123	2354	10	\N
2100	8123	2353	10	\N
2101	8144	2097	4	\N
2102	8144	2096	4	\N
2103	8144	2095	4	\N
2104	8147	908	10	\N
2105	8147	907	10	\N
2106	8147	906	10	\N
2107	8147	905	10	\N
2108	8147	902	1	t
2109	8147	895	10	\N
2110	8153	2196	1	t
2111	8162	892	3	\N
2112	8164	334	1	t
2113	8164	219	10	\N
2114	8181	1452	1	t
2115	8187	1874	10	\N
2116	8192	1050	1	t
2117	8199	2164	1	t
2118	8200	2026	1	t
2119	8202	2448	10	\N
2120	8202	2522	10	\N
2121	8208	2135	1	t
2122	8209	1039	1	t
2123	8210	1074	1	t
2124	8213	1207	1	t
2125	8218	173	1	t
2126	8223	1415	1	t
2127	8224	1434	1	t
2128	8229	1688	1	t
2129	8236	1193	10	\N
2130	8240	1915	1	t
2131	8242	2375	1	t
2132	8242	2318	1	t
2133	8247	2520	1	t
2134	8254	188	1	t
2135	8255	2517	1	t
2136	8269	2098	10	\N
2137	8277	811	1	t
2138	8278	1585	1	t
2139	8328	1455	5	\N
2140	8334	940	10	\N
2141	8351	2203	10	\N
2142	8351	2202	10	\N
2143	8351	2201	10	\N
2144	8351	2193	10	\N
2145	8352	2206	10	\N
2146	8352	2205	10	\N
2147	8352	2204	10	\N
2148	8392	2369	1	t
2149	8393	2370	1	t
2150	8410	189	1	t
2151	8411	1720	1	t
2152	8414	179	1	t
2153	8449	335	1	t
2154	8449	318	10	\N
2155	8449	249	1	t
2156	8464	652	10	\N
2157	8472	1192	1	t
2158	8472	1188	1	t
2159	8477	2040	1	t
2160	8477	2039	1	t
2161	8487	1208	10	\N
2162	8490	1390	10	\N
2163	8497	1344	10	\N
2164	8500	1347	10	\N
2165	8500	1334	10	\N
2166	8503	1470	1	t
2167	8508	2290	1	t
2168	8510	2344	10	\N
2169	8513	1009	1	t
2170	8518	1234	10	\N
2171	8521	990	10	\N
2172	8521	989	10	\N
2173	8521	988	10	\N
2174	8535	1419	1	t
2175	8544	469	10	\N
2176	8546	1651	5	f
2177	8546	1650	5	f
2178	8546	1649	5	f
2179	8546	1648	5	f
2180	8546	1647	5	f
2181	8546	1646	5	f
2182	8546	1645	5	f
2183	8546	1644	5	f
2184	8546	1643	5	f
2185	8546	1642	5	f
2186	8546	1641	5	f
2187	8546	1640	5	f
2188	8546	1639	5	f
2189	8546	1638	5	f
2190	8546	1637	5	f
2191	8546	1636	5	f
2192	8546	1635	5	f
2193	8546	1634	5	f
2194	8546	1633	1	t
2195	8546	1632	5	f
2196	8546	1627	5	f
2197	8546	1602	5	f
2198	8566	889	5	f
2199	8567	1203	3	t
2200	8567	1202	5	f
2201	8572	887	4	\N
2202	8581	1097	10	\N
2203	8584	1908	10	\N
2204	8591	631	5	f
2205	8594	2055	10	\N
2206	8595	2433	10	\N
2207	8595	2351	10	\N
2208	8595	2350	10	\N
2209	8595	2349	10	\N
2210	8595	2348	1	t
2211	8598	634	10	\N
2212	8598	633	10	\N
2213	8598	632	10	\N
2214	8598	629	10	\N
2216	8619	1903	10	\N
2217	8626	1237	10	\N
2218	8626	1236	10	\N
2219	8627	2519	1	t
2220	8630	1035	10	\N
2221	8631	875	1	t
2222	8635	1538	1	t
2223	8637	768	1	t
2224	8637	767	1	t
2225	8638	876	1	t
2226	8638	843	1	t
2227	8639	2046	1	t
2230	8666	1015	1	t
2231	8666	1014	1	t
2232	8670	1550	1	t
2233	8688	1959	1	t
2234	8711	2105	1	t
2235	8711	2104	1	t
2236	8713	2087	1	t
2237	8713	2086	1	t
2238	8715	2521	1	t
2239	8740	330	1	t
2240	8743	810	3	t
2241	8745	1624	10	\N
2242	8745	1619	10	\N
2243	8745	1618	10	\N
2244	8745	1617	10	\N
2245	8745	1616	4	\N
2246	8745	1583	10	\N
2247	8745	1582	10	\N
2248	8749	1566	1	t
2249	8750	1622	10	\N
2250	8750	1621	10	\N
2251	8750	1620	10	\N
2252	8750	1615	4	\N
2253	8750	1614	4	\N
2254	8750	1613	4	\N
2255	8750	1612	4	\N
2256	8750	1599	10	\N
2257	8750	1598	10	\N
2258	8750	1597	10	\N
2259	8750	1581	10	\N
2260	8750	1578	10	\N
2261	8750	1568	10	\N
2262	8751	2173	10	\N
2263	8753	1051	1	t
2264	8754	2282	4	\N
2265	8754	2281	4	\N
2266	8754	2280	4	\N
2267	8754	2279	4	\N
2268	8754	2247	4	\N
2269	8754	2246	4	\N
2270	8754	2245	4	\N
2271	8754	2244	4	\N
2272	8754	2243	4	\N
2273	8758	198	1	t
2274	8759	1023	1	t
2275	8760	1205	1	t
2276	8761	1209	1	t
2277	8762	1418	1	t
2278	8764	1912	1	t
2279	8767	317	10	\N
2280	8767	316	10	\N
2281	8800	1711	10	\N
2282	8800	1705	10	\N
2283	8836	665	10	\N
2284	8846	1030	10	\N
2285	8875	1531	5	\N
2286	6456	2275	5	\N
2287	8895	508	10	\N
2288	8996	1197	5	f
2289	8996	1196	5	f
2290	9028	1230	10	\N
2291	9028	1229	10	\N
2292	9028	1228	10	\N
2293	9034	515	10	\N
2294	9034	514	10	\N
2295	9054	1972	10	\N
2296	9088	333	10	\N
2297	9091	1342	10	\N
2298	9092	1344	10	\N
2299	9092	1343	10	\N
2300	9094	1344	10	\N
2301	9096	1346	10	\N
2302	9096	1332	10	\N
2303	9096	1331	10	\N
2304	9100	1259	10	\N
2305	9100	1255	10	\N
2306	9100	1254	10	\N
2307	9100	1253	10	\N
2308	9100	1252	10	\N
2309	9100	1251	10	\N
2310	9100	1250	10	\N
2311	9100	1249	10	\N
2312	9100	1248	10	\N
2313	9100	1247	10	\N
2314	9100	1238	10	\N
2315	9100	1235	10	\N
2316	9107	638	10	\N
2317	9114	37	10	\N
2318	9114	1355	1	t
2319	9131	586	10	\N
2320	9164	1876	10	\N
2321	9164	1863	10	\N
2322	9164	1862	10	\N
2323	9164	1861	10	\N
2324	9233	2322	10	\N
2325	9320	2054	10	\N
2326	9378	2176	10	\N
2327	9391	1407	1	t
2328	9463	499	10	\N
2329	9463	493	10	\N
2330	9463	492	10	\N
2331	9463	461	10	\N
2332	9463	238	10	\N
2333	9495	735	10	\N
2334	9501	2494	10	\N
2336	9544	526	1	t
2337	643	525	1	t
2338	9547	764	10	\N
2339	9547	763	10	\N
2340	9547	732	10	\N
2341	9547	728	10	\N
2342	9551	733	10	\N
2343	9555	2449	10	\N
2344	9567	2431	10	\N
2345	9571	524	1	t
2346	9571	523	1	t
2347	9571	522	1	t
2348	9571	521	1	t
2349	9571	520	1	t
2350	9603	519	1	t
2351	9604	225	1	t
2352	9658	2226	10	\N
2353	9659	2227	10	\N
2354	9662	2227	10	\N
2356	9698	1759	10	\N
2357	9698	1754	10	\N
2358	9699	1753	10	\N
2359	9700	1752	10	\N
2360	9813	3525	1	t
2361	9862	3845	1	t
2362	9867	3844	1	t
2363	9927	2621	1	t
2364	10034	3193	10	\N
2365	10362	3297	1	t
2366	10403	3851	1	t
2367	10404	3849	1	t
2368	10420	3575	1	t
2369	10407	3307	1	t
2370	10411	3312	1	t
2371	10419	3741	10	\N
2372	10419	3740	10	\N
2373	10421	3519	1	t
2374	10429	3315	1	t
2375	10443	3748	10	\N
2376	10445	2604	5	\N
2377	10448	3550	1	t
2378	10455	3356	1	t
2379	10475	3301	1	t
2380	10483	3290	1	t
2381	10488	3295	1	t
2382	10489	3305	1	t
2383	10491	3898	10	\N
2384	10494	3747	10	\N
2385	10502	3505	10	\N
2386	10502	3468	1	t
2387	10503	3854	1	t
2388	10509	3298	1	t
2389	10513	3852	1	t
2390	10513	3841	1	t
2391	10516	3286	1	t
2392	10517	3294	1	t
2393	10521	3853	1	t
2394	10524	3520	1	t
2395	10530	3564	1	t
2396	10530	3573	10	\N
2397	10530	3566	10	\N
2398	10535	3302	1	t
2399	10535	3285	10	\N
2400	10552	2605	1	\N
2401	10554	3296	1	t
2402	10556	3578	10	\N
2403	10556	3567	1	t
2404	10556	3576	1	t
2405	10556	3577	10	\N
2406	10560	3735	10	\N
2407	10561	2792	5	\N
2408	10563	3901	10	\N
2409	10564	3161	1	t
2410	10582	3303	1	t
2411	10587	3568	1	t
2412	10587	3580	10	\N
2413	10587	3542	10	\N
2414	10587	3579	1	t
2415	10590	3062	1	t
2416	10606	3517	1	t
2417	10615	3469	1	t
2418	10615	3494	1	t
2419	10615	3493	1	t
2420	10615	3470	1	t
2421	10622	3518	1	t
2422	10632	3745	10	\N
2423	10636	3787	1	t
2424	10636	3786	1	t
2425	10642	3275	10	\N
2426	10642	3276	10	\N
2427	10642	3274	10	\N
2428	10645	3886	5	\N
2429	10648	3124	1	t
2430	10649	3744	10	\N
2431	10650	3569	1	t
2432	10650	3581	10	\N
2433	10651	3274	10	\N
2434	10662	3611	10	\N
2435	10662	3610	10	\N
2436	10665	3855	1	t
2437	10665	3188	1	t
2438	10667	3497	1	t
2439	10667	3496	1	t
2440	10667	3498	1	t
2441	10687	3405	1	t
2442	10687	3401	1	t
2443	10687	3422	1	t
2444	10704	3186	1	t
2445	10704	3311	1	t
2446	10712	3406	1	t
2447	10735	3284	10	\N
2448	10739	3308	1	t
2449	10744	3522	1	t
2450	10749	3739	10	\N
2451	10749	3738	10	\N
2452	10749	3737	10	\N
2453	10754	2695	1	\N
2454	10760	3624	10	\N
2455	10760	3623	10	\N
2456	10762	2550	1	\N
2457	10762	3597	10	\N
2458	10764	3523	1	t
2459	10768	3194	1	t
2460	10768	3565	1	t
2461	10769	3623	10	\N
2462	10777	3283	10	\N
2463	10777	3282	10	\N
2464	10789	3500	1	t
2465	10789	3499	1	t
2466	10789	3501	1	t
2467	10796	3788	1	t
2468	10796	3785	1	t
2469	10800	3746	10	\N
2470	10812	3836	1	t
2471	10814	3338	1	t
2472	10814	3077	1	t
2473	10816	3012	1	t
2474	10820	3622	10	\N
2475	10820	3631	10	\N
2476	10821	3011	1	t
2477	10824	3330	1	t
2478	10824	3329	1	t
2479	10824	3328	1	t
2480	10824	3326	1	t
2481	10824	3327	1	t
2482	10830	2870	1	t
2483	10841	2877	1	t
2484	10846	3073	1	t
2485	10846	3303	1	t
2486	10850	3790	1	t
2487	10850	3789	1	t
2488	10851	3409	1	t
2489	10854	3430	10	\N
2490	10858	3281	10	\N
2491	10858	3280	10	\N
2492	10858	3279	10	\N
2493	10858	3278	10	\N
2494	10860	3408	1	t
2495	10866	3252	1	t
2496	10870	3596	10	\N
2497	10879	3419	1	t
2498	10879	2883	1	t
2499	10880	3411	1	t
2500	10889	3583	10	\N
2501	10898	3410	1	t
2502	10919	3524	1	t
2503	10920	2811	1	t
2504	10920	3905	1	t
2505	10932	3570	1	t
2506	10932	3195	1	t
2507	10935	3792	10	\N
2508	10935	3793	1	t
2509	10938	3415	1	t
2510	10943	2864	1	t
2511	10943	3434	1	t
2512	10950	3743	10	\N
2513	10958	2960	1	t
2514	10961	3503	10	\N
2515	10961	3502	1	t
2516	10962	2897	1	t
2517	10976	2838	1	\N
2518	10977	3791	1	t
2519	10977	2935	1	t
2520	10977	3794	1	t
2521	10977	3795	1	t
2522	10985	2841	1	\N
2523	10986	2827	1	\N
2524	10989	3037	1	\N
2525	10990	2918	1	t
2526	11025	3103	1	\N
2527	11036	2835	1	\N
2528	11036	3736	10	\N
2529	11036	3735	10	\N
2530	11039	3256	10	\N
2531	11057	3894	10	\N
2532	11057	3893	10	\N
2533	11057	3892	10	\N
2534	11057	3891	10	\N
2535	11084	3595	10	\N
2536	11084	3572	10	\N
2537	11084	3571	10	\N
2538	11101	3426	10	\N
2539	11128	3433	10	\N
2540	11128	3061	1	t
2541	11128	3418	1	t
2542	11139	3260	10	\N
2543	11143	3801	1	t
2544	11143	3802	1	t
2545	11143	3803	1	t
2546	11143	3825	10	\N
2547	11153	3594	10	\N
2548	11166	3208	1	t
2549	11208	3509	10	\N
2550	11260	3530	10	\N
2551	11279	3261	10	\N
2552	11284	2977	2	\N
2553	11210	3022	1	\N
2554	11146	3260	10	\N
2555	11008	3256	10	\N
2556	11008	3257	10	\N
2557	11003	3256	10	\N
2558	10385	3259	10	\N
2559	10231	2626	1	t
2560	10238	3258	1	t
2561	10238	2648	1	t
2562	10237	2647	1	t
2563	10215	2646	1	t
2564	10196	2645	1	t
2565	10189	2649	1	t
2566	11237	3262	10	\N
2567	11227	3018	1	\N
2568	11224	3035	1	\N
2569	11223	3025	1	\N
2570	11223	3023	1	\N
2571	11223	3024	1	\N
2572	11209	2896	1	\N
2573	11209	3101	1	\N
2575	11206	2950	1	\N
2576	11196	2907	1	\N
2577	11196	2579	1	\N
2578	11557	3388	10	\N
2579	11567	3179	1	t
2580	11579	2572	1	t
2581	11579	3182	1	t
2582	11317	3140	1	t
2583	11535	3508	10	\N
2584	11502	3731	10	\N
2585	11502	3732	10	\N
2586	11421	3903	10	\N
2587	11421	3904	10	\N
2588	11412	3645	10	\N
2589	11410	3590	10	\N
2590	11619	3094	1	t
2591	11283	3072	3	\N
2592	11283	3071	1	\N
2593	11516	2588	1	t
2594	11533	3167	1	\N
2595	10964	2837	1	\N
2596	10798	2868	1	t
2597	10798	3539	1	t
2598	10207	2601	5	\N
2599	11169	3001	1	t
2600	11169	2856	1	t
2601	11245	3431	1	t
2602	11245	3074	1	t
2603	11113	3425	10	\N
2604	11113	2728	1	t
2605	11113	3403	1	t
2606	11113	3424	10	\N
2607	11116	3417	1	t
2608	11116	2981	1	t
2609	11063	2966	1	\N
2610	10972	3428	10	\N
2611	10972	3429	10	\N
2612	10984	3427	10	\N
2613	10905	3412	1	t
2614	10925	3413	1	t
2615	10930	3414	1	t
2616	10746	2805	1	\N
2617	10324	2652	1	t
2618	10208	3398	1	t
2619	10198	3404	1	t
2620	11573	3770	1	t
2621	11573	3111	1	t
2622	11547	2589	1	t
2623	11547	3528	1	t
2624	11552	2720	1	t
2625	11559	3110	1	t
2626	11559	3769	1	t
2627	11580	3184	1	t
2628	11568	3588	10	\N
2629	11568	3589	10	\N
2630	11568	3586	1	t
2631	11568	3587	10	\N
2632	11542	3531	1	t
2633	11544	2536	1	t
2634	11563	3616	10	\N
2635	11563	3640	10	\N
2636	11563	3617	10	\N
2637	11563	2632	1	t
2638	11563	3619	10	\N
2639	11563	3618	10	\N
2640	11554	3389	1	t
2641	11523	3635	1	t
2642	11523	3620	10	\N
2643	11523	2635	1	t
2644	11583	3113	1	t
2645	11583	3639	1	t
2646	11576	3638	1	t
2647	11576	3112	1	t
2648	11570	3185	1	t
2649	11570	3749	1	t
2650	11570	3168	1	t
2651	11537	2731	1	t
2652	11520	2636	1	t
2653	11538	2633	1	t
2654	11524	2634	1	t
2655	11499	2606	1	\N
2656	11494	2595	1	t
2657	11494	2658	1	t
2658	11494	2657	5	\N
2660	11494	3818	1	t
2661	11494	3165	5	\N
2662	11484	3897	1	t
2663	11484	2613	1	\N
2664	11451	3889	10	\N
2665	11451	3887	10	\N
2666	11451	3888	10	\N
2667	11451	2596	1	t
2668	11495	2610	1	\N
2670	11455	2662	1	t
2671	11455	3273	10	\N
2672	11455	3272	10	\N
2673	11456	3084	1	t
2674	11456	3249	1	t
2675	11078	3017	1	\N
2676	10199	3510	1	t
2677	10199	3512	1	t
2678	10199	3511	1	t
2679	10175	3514	3	\N
2681	10175	3515	1	t
2682	11274	3068	1	t
2683	11233	3067	1	t
2684	11158	3393	10	\N
2685	11158	3392	10	\N
2686	11119	2938	1	t
2687	11014	2958	1	\N
2689	10906	2815	1	t
2690	10281	2640	1	t
2691	11298	3118	1	t
2692	11253	3033	1	\N
2693	11186	3164	1	t
2694	11186	3007	1	t
2695	10999	2961	1	t
2696	10595	3521	1	t
2697	10595	3121	1	t
2698	10346	3527	1	t
2699	10346	2717	1	t
2700	10297	3526	1	t
2701	10297	3153	1	t
2702	10881	3148	1	t
2703	11280	3813	1	t
2704	11280	2943	1	t
2705	11220	2809	1	t
2706	11220	3810	1	t
2707	11220	3829	10	\N
2708	11220	3830	10	\N
2710	11177	3806	1	t
2711	11177	3163	1	t
2712	11177	3805	1	t
2713	11149	3120	1	t
2714	11149	3804	1	t
2715	11027	2982	1	t
2716	11027	3778	1	t
2717	11027	3796	1	t
2718	10959	3809	1	t
2719	10600	3777	1	t
2720	10600	3773	1	t
2721	10567	3772	1	t
2722	10567	3784	1	t
2723	10307	3783	1	t
2724	10307	3771	1	t
2725	10243	3800	1	t
2726	10244	3776	1	t
2727	10244	3781	1	t
2728	10224	3774	1	t
2729	10185	3782	1	t
2730	10185	3775	1	t
2731	10982	2840	1	\N
2732	10852	2946	1	t
2733	10826	3130	1	t
2734	10770	2748	1	\N
2735	10391	3543	10	\N
2736	10391	3574	1	t
2737	10391	3540	10	\N
2738	10391	3541	10	\N
2739	10391	3542	10	\N
2740	10391	2630	1	t
2741	10221	3549	1	t
2742	10211	3548	1	t
2743	10211	3543	10	\N
2744	10212	3562	1	t
2745	10203	3563	1	t
2746	11320	2900	1	t
2747	11288	2944	1	t
2748	11288	3629	10	\N
2749	11288	3630	10	\N
2750	11077	2878	1	t
2751	10886	3622	10	\N
2752	10886	3631	10	\N
2753	11571	3627	10	\N
2754	11571	3642	1	t
2755	11571	3625	10	\N
2756	11571	3115	1	\N
2757	11571	3628	10	\N
2758	11571	3626	10	\N
2759	10427	2627	1	t
2760	10337	2581	1	t
2761	10289	2571	1	t
2762	10319	2586	1	t
2763	10319	3613	10	\N
2764	10282	2585	1	t
2765	10261	2623	1	t
2766	10248	2583	1	t
2767	10255	2584	1	t
2768	10255	3612	10	\N
2769	10247	2718	1	t
2770	11171	2858	1	t
2771	11138	2989	1	t
2772	11115	2937	1	t
2773	11132	3735	10	\N
2774	11125	2656	1	t
2775	11125	3742	10	\N
2776	11125	2987	1	t
2777	11114	3733	10	\N
2778	11060	2963	3	\N
2779	10229	2617	1	t
2780	10229	3152	1	t
2781	10229	3643	5	\N
2782	10229	3646	5	\N
2783	10229	3647	5	\N
2784	10204	3724	1	t
2785	10204	3757	10	\N
2786	10204	3727	1	t
2787	10204	3725	1	t
2788	10204	3726	1	t
2789	10201	3716	1	t
2790	10201	3718	1	t
2791	10201	3717	1	t
2792	10201	3715	1	t
2793	10191	3713	1	t
2794	10191	3710	1	t
2795	10191	3712	1	t
2796	10191	3711	1	t
2797	10195	3721	1	t
2798	10195	3722	1	t
2799	10195	3723	1	t
2800	11315	3105	1	\N
2801	11239	2952	1	\N
2802	11239	2905	1	\N
2803	11211	2860	1	t
2804	11211	3585	1	t
2805	11211	3584	10	\N
2806	11211	2902	1	\N
2807	11213	3015	1	\N
2808	11213	3020	1	\N
2809	11213	3019	1	\N
2810	11131	2893	1	\N
2811	11122	2940	1	\N
2812	10952	2836	1	\N
2813	10915	3027	1	t
2814	10915	3597	10	\N
2815	10926	2810	1	t
2816	10271	2651	1	t
2817	10271	3582	5	\N
2818	10230	2620	1	t
2819	10230	2619	1	t
2820	11199	2906	1	\N
2821	11192	2908	1	\N
2822	11192	2859	1	t
2823	11192	3899	10	\N
2824	11164	2997	1	t
2826	11028	2779	1	\N
2827	10887	3100	1	t
2828	10788	2866	1	t
2829	10695	3902	10	\N
2830	10350	3900	1	t
2831	11277	3847	10	\N
2832	11277	3848	10	\N
2833	11277	3838	10	\N
2834	11277	3839	10	\N
2835	11277	3837	10	\N
2836	11277	3846	10	\N
2837	11277	3150	1	t
2838	11218	3021	1	\N
2839	11160	3856	10	\N
2840	11160	2655	1	t
2841	11160	3857	10	\N
2842	10778	2867	1	t
2843	10778	3840	1	t
2844	10468	3895	1	t
2845	10468	3842	1	t
2846	11299	3507	10	\N
2847	11299	3082	1	t
2848	11295	3081	1	t
2849	11295	3507	10	\N
2850	11271	2598	1	t
2851	11079	2924	1	\N
2852	11055	2965	1	\N
2853	11007	2894	1	\N
2854	58830	2778	1	\N
2855	11010	2777	1	\N
2856	11010	2895	1	\N
2857	10946	2964	1	\N
2858	10884	2884	1	t
2859	10884	3253	1	t
2860	10857	2834	1	\N
2861	10828	3129	1	t
2862	10829	2871	1	t
2863	10604	2724	1	t
2865	10541	2693	1	\N
2866	10520	2650	1	t
2867	10428	2631	1	t
2868	10308	2582	1	t
2869	10900	3145	1	t
2870	10737	2679	1	\N
2871	10423	2569	1	t
2872	10340	3191	1	t
2873	10340	3516	1	t
2874	10273	2602	1	t
2875	10180	3192	1	t
2876	11110	3734	10	\N
2877	11098	2699	1	\N
2878	10922	2812	1	t
2879	10868	3506	10	\N
2880	10729	2577	1	\N
2881	10729	3453	1	t
2882	10639	3476	1	t
2883	10639	3471	1	t
2884	10639	3472	1	t
2885	10639	3473	1	t
2886	10639	3474	1	t
2887	10639	3475	1	t
2888	10639	3477	1	t
2889	10639	2727	1	t
2890	10572	3486	1	t
2891	10572	3485	1	t
2892	10565	3504	10	\N
2893	58837	3436	1	t
2894	10542	3478	1	t
2895	10542	2615	1	t
2897	10542	2729	1	t
2898	10379	3451	1	t
2899	10379	3450	1	t
2900	10379	3452	1	t
2901	10381	3464	1	t
2902	10402	3461	1	t
2903	10401	3446	1	t
2904	10401	3445	1	t
2905	10366	3463	1	t
2906	10365	3460	1	t
2907	10365	3458	1	t
2908	10365	3459	1	t
2909	10365	2593	1	t
2910	10323	3467	1	t
2911	10323	3466	1	t
2912	10323	3465	1	t
2913	10259	3462	1	t
2914	10246	3484	1	t
2915	10246	3481	1	t
2916	10246	2622	1	t
2917	10246	3483	1	t
2918	10246	3482	1	t
2919	10240	2538	1	t
2920	10240	3443	1	t
2921	10240	3442	1	t
2922	10232	3455	1	t
2923	10232	3456	1	t
2924	10232	3457	1	t
2925	10232	3154	1	t
2926	10234	3439	1	t
2927	10234	3440	1	t
2928	10234	2591	1	t
2929	10236	3489	1	t
2930	10236	3490	1	t
2931	10236	3491	1	t
2932	10236	2642	1	t
2933	10236	3435	10	\N
2934	10228	3448	1	t
2935	10228	2616	1	t
2936	10228	3449	1	t
2937	10181	2618	1	t
2938	10181	3447	1	t
2939	10183	3454	1	t
2940	10177	2590	1	t
2941	10177	2535	1	t
2942	10177	3438	1	t
2943	10179	2723	1	t
2944	10179	3441	1	t
2945	10172	3435	10	\N
2946	10172	3487	1	t
2947	10172	2644	1	t
2948	10140	3479	1	t
2949	10140	3480	1	t
2950	10743	3170	10	\N
2951	10743	3171	10	\N
2952	10743	3766	10	\N
2953	10743	3765	10	\N
2954	10743	3768	10	\N
2955	10743	3169	10	\N
2956	10743	3764	10	\N
2957	10753	3169	10	\N
2958	10753	3763	10	\N
2959	10753	3765	10	\N
2960	10753	3768	10	\N
2961	10753	3767	10	\N
2962	10753	3766	10	\N
2963	10753	3170	10	\N
2964	10753	3764	10	\N
2965	10753	3762	10	\N
2966	10750	3767	10	\N
2967	10751	3763	10	\N
2968	10751	3171	10	\N
2969	10751	3762	10	\N
2970	10751	3764	10	\N
2971	10751	2694	1	\N
2972	10751	3169	10	\N
2973	10715	2677	1	\N
2974	10575	2945	1	t
2975	11198	3066	1	t
2976	11118	2936	1	t
2977	11097	2927	1	\N
2978	11081	3324	1	t
2979	11081	2925	1	\N
2980	11069	2874	1	\N
2981	11054	2820	1	\N
2982	10995	2926	1	\N
2983	10979	3293	1	t
2984	10979	3292	1	t
2985	10979	2821	1	\N
2986	10914	2543	1	t
2987	10933	3156	1	t
2988	10839	3313	1	t
2989	10797	2802	1	t
2990	10794	3337	1	t
2991	10794	2869	1	t
2992	10774	2793	1	t
2993	10771	3291	1	t
2994	10747	2806	1	\N
2995	10747	3309	1	t
2996	10740	2732	1	t
2997	10740	3300	1	t
2998	10740	2733	1	t
3000	10723	2675	1	\N
3001	10709	3314	1	t
3002	10709	3285	10	\N
3004	10616	3362	1	t
3005	10616	2654	1	t
3006	10593	3306	1	t
3008	10581	3063	1	t
3009	10512	3299	1	t
3010	10372	2628	1	t
3011	10417	3333	1	t
3012	10338	3319	1	t
3013	10338	3318	1	t
3014	10338	3320	1	t
3015	10301	3334	1	t
3017	10301	3348	1	t
3018	10301	3335	1	t
3019	10315	3380	5	\N
3020	10315	3381	1	t
3021	10315	3382	1	t
3022	10315	2639	1	t
3023	10315	3378	1	t
3024	10315	3379	5	\N
3025	10315	3116	3	\N
3026	10287	3323	1	t
3027	10287	3322	1	t
3028	10302	3351	5	\N
3029	10302	3353	1	t
3030	10302	3352	1	t
3031	10306	3344	1	t
3033	10306	3349	1	t
3034	10306	3346	1	t
3035	10306	3345	1	t
3036	10332	3363	1	t
3037	10332	3367	1	t
3038	10332	3365	1	t
3039	10332	3364	1	t
3040	10332	3366	1	t
3041	10300	3360	1	t
3042	10300	3359	1	t
3043	10300	3358	10	\N
3044	10300	3361	1	t
3045	10322	3263	10	\N
3047	10322	3331	1	t
3048	10322	3332	1	t
3049	10322	2641	5	\N
3050	10305	3317	1	t
3051	10305	3316	1	t
3052	10290	3339	1	t
3053	10290	3325	1	t
3054	10330	3342	1	t
3055	10330	3341	1	t
3056	10325	3385	1	t
3057	10325	3387	1	t
3058	10325	3384	1	t
3059	10325	3386	1	t
3060	10270	3354	5	\N
3061	10270	3371	1	t
3062	10270	3372	1	t
3063	10270	3376	1	t
3064	10270	3373	5	\N
3065	10270	3374	5	\N
3066	10270	3375	5	\N
3067	10270	3370	1	t
3068	10270	3377	1	t
3069	10270	3156	5	\N
3070	10270	2592	1	t
3071	10357	3368	1	t
3072	10357	2603	1	t
3073	11216	2833	1	\N
3074	11217	2833	1	\N
3075	11362	3141	1	t
3076	11234	3008	1	t
3077	11234	3421	1	t
3078	11287	3069	1	t
3079	11310	3060	1	t
3080	11251	2951	1	\N
3081	11374	3397	10	\N
3082	11374	2898	1	t
3083	11327	3159	1	t
3084	11061	2967	1	\N
3085	11409	3536	1	t
3086	11409	3097	1	t
3087	11120	2939	1	t
3088	11261	3537	1	t
3089	11261	3029	1	\N
3090	11319	3032	1	\N
3091	11386	3532	1	t
3092	11386	2916	1	t
3093	11401	2916	1	t
3094	11401	3535	1	t
3095	10773	2792	1	t
3096	11322	3031	1	\N
3097	11278	3070	1	t
3098	11340	2932	1	t
3099	11420	3086	1	t
3100	11380	3636	10	\N
3101	11380	3090	1	t
3102	11400	3095	1	t
3103	11400	3637	10	\N
3104	11293	2886	1	\N
3105	11073	3797	10	\N
3106	11073	3798	10	\N
3107	11073	3799	10	\N
3108	11073	3824	1	t
3109	11073	2782	1	t
3110	11258	2899	1	t
3111	11258	3812	1	t
3112	11393	2917	1	t
3113	11393	3814	1	t
3114	11178	3827	5	\N
3115	11178	3826	5	\N
3116	11178	3005	1	t
3117	11178	3807	1	t
3118	11225	2974	1	t
3119	11225	3811	1	t
3120	11225	3829	10	\N
3121	11419	3087	1	t
3122	11265	3028	1	\N
3124	11219	2904	1	\N
3125	11270	2882	1	\N
3126	11201	2942	1	t
3127	11201	2537	1	t
3128	11337	2930	1	t
3129	11337	3760	3	\N
3130	11411	3058	1	\N
3131	11411	3761	10	\N
3133	10745	2698	1	\N
3134	11423	3088	1	t
3135	11127	2984	1	t
3136	11406	3096	1	t
3137	11087	2929	1	\N
3138	11354	2934	1	t
3139	11369	2875	1	t
3140	11368	3599	10	\N
3141	11368	3598	10	\N
3142	11368	2876	1	t
3143	10738	2804	1	\N
3144	10384	2570	1	t
3145	11387	3091	1	t
3146	11356	3092	1	t
3147	10400	2624	1	t
3148	10344	2625	1	t
3149	10364	2625	1	t
3150	10358	2625	1	t
3151	11336	2933	1	t
3152	11336	3265	10	\N
3153	11336	3264	10	\N
3154	11336	3266	10	\N
3155	11248	2978	1	\N
3156	11248	2980	1	\N
3157	11248	2953	1	\N
3158	10765	3310	1	t
3159	10765	2808	1	\N
3160	11304	3080	1	t
3161	11229	2861	1	t
3162	11238	2949	1	\N
3163	10377	2587	1	t
3164	11231	2823	1	\N
3165	11300	3267	5	\N
3166	11300	2901	1	\N
3167	11300	3268	5	\N
3168	10355	3206	1	t
3169	10345	3206	1	t
3170	11184	2653	1	t
3171	11184	3269	10	\N
3172	11462	2955	1	t
3173	11463	2956	1	t
3174	11464	2957	1	t
3175	11424	3047	1	t
3176	11443	3048	1	t
3177	11438	3231	1	t
3178	11445	3044	1	t
3179	11444	3049	1	t
3180	11449	3050	1	t
3181	11454	3057	1	t
3182	11459	2912	1	t
3183	11457	2913	1	t
3184	11447	2914	1	t
3185	11452	2915	1	t
3186	11430	3045	1	t
3187	11433	3046	1	t
3188	11611	3083	1	t
3189	11428	3085	1	t
3190	11404	3093	1	t
3191	11365	3104	1	t
3192	11446	2663	1	t
3193	11446	3815	1	t
3194	11446	3835	10	\N
3195	11476	2665	1	t
3196	11612	2666	1	t
3197	11493	2609	1	\N
3198	11518	3621	10	\N
3199	11518	2638	1	t
3200	11521	3634	1	t
3201	11521	2637	1	t
3202	11530	2614	1	\N
3203	11530	3609	1	t
3204	11526	3779	1	t
3205	11526	3834	1	t
3206	11526	3820	1	t
3207	11526	3233	1	\N
3208	11526	3780	1	t
3209	11540	2719	1	t
3210	11540	3614	10	\N
3212	11551	2721	1	t
3213	10612	2683	1	\N
3214	10619	2725	1	t
3215	10597	2726	1	t
3216	10635	2594	1	t
3218	10640	3123	1	t
3219	10652	3125	1	t
3220	10664	3098	1	t
3221	10671	3189	1	t
3222	10671	3343	1	t
3223	10681	3099	1	t
3224	10691	2741	1	t
3225	10691	3190	1	t
3226	10672	2742	1	t
3227	10689	2743	1	t
3228	10689	3350	1	t
3229	10673	2692	1	\N
3230	10673	3131	5	\N
3231	10674	3232	1	t
3232	10690	2684	1	\N
3234	10699	2691	1	\N
3235	10708	2707	1	\N
3236	10700	2690	1	\N
3237	10693	2685	1	\N
3238	10707	2575	1	\N
3239	10706	2682	1	\N
3240	10711	2576	1	\N
3241	10741	2686	1	\N
3242	10716	2708	1	\N
3243	10720	2678	1	\N
3244	10734	3204	1	\N
3245	10730	2680	1	\N
3246	10732	2681	1	\N
3247	10714	2687	1	\N
3248	10726	2578	1	\N
3249	10733	2688	1	\N
3250	10727	2689	1	\N
3251	10748	2696	1	\N
3252	10752	2710	1	\N
3253	10758	2548	1	\N
3254	10761	2711	1	\N
3255	10756	2712	1	\N
3256	10757	2716	1	\N
3257	10767	2759	1	\N
3258	10755	2760	1	\N
3259	10766	2758	1	\N
3260	11357	3538	1	t
3261	11357	3157	1	t
3262	11370	3158	1	t
3263	11308	3106	1	\N
3264	11314	3107	1	\N
3265	11323	2672	1	\N
3266	11318	3030	1	\N
3267	11334	3108	3	\N
3268	11334	2607	1	\N
3269	11330	3149	1	t
3270	11326	3109	1	\N
3271	11326	3117	1	t
3272	11281	3166	1	t
3273	11235	2923	1	\N
3274	11235	2979	1	\N
3275	11263	2671	3	\N
3276	11266	3014	1	\N
3277	11228	2862	5	\N
3278	11230	2863	1	t
3279	11200	3034	1	\N
3280	11154	3420	1	t
3281	11154	2990	1	t
3282	11148	2962	1	t
3283	11107	2991	1	t
3284	11155	2992	1	t
3285	11156	2993	1	t
3286	11156	3369	1	t
3287	11151	2994	1	t
3288	11161	2995	1	t
3289	11159	2999	1	t
3290	10885	3234	3	\N
3291	10885	3000	1	t
3292	11173	3002	1	t
3293	11168	3003	1	t
3294	11181	3004	1	t
3295	11183	2857	1	t
3296	11195	2941	1	t
3297	11099	2983	1	t
3298	11126	2985	1	t
3299	11126	2986	1	t
3300	11124	2783	1	t
3301	11136	3162	1	t
3302	11135	2988	1	t
3303	11133	2784	1	t
3304	11140	2853	5	\N
3305	11140	2785	1	t
3306	11129	2786	1	t
3307	11134	2848	1	t
3308	11144	2849	1	t
3309	11141	2850	1	t
3310	11137	2851	1	t
3311	11142	2852	1	t
3312	11150	2854	1	t
3313	11145	2855	1	t
3314	10482	2580	1	t
3315	11072	2890	1	\N
3316	11090	2697	1	\N
3317	11083	2709	1	\N
3318	11089	2892	1	\N
3319	11080	3187	1	t
3320	11096	2891	1	\N
3321	11092	2928	1	\N
3322	11082	3076	1	t
3323	11095	3102	1	\N
3324	11093	3039	1	\N
3325	11106	3383	1	t
3326	11106	3040	1	\N
3327	11117	3038	1	\N
3328	11102	3043	1	\N
3329	11103	3042	1	\N
3330	11109	3041	1	\N
3331	11051	2831	1	\N
3332	11052	2818	1	\N
3333	11047	2819	1	\N
3334	11053	2673	1	\N
3335	11056	2734	1	t
3336	11062	2674	1	\N
3337	11059	2865	1	t
3338	11065	2887	1	\N
3339	11068	2832	1	\N
3340	11067	2888	1	\N
3341	11074	2880	1	\N
3342	11064	2889	1	\N
3343	11070	3235	1	t
3344	11075	2881	1	\N
3345	11012	3013	1	t
3346	11016	2599	1	t
3347	11015	2763	1	\N
3348	11017	2600	1	\N
3349	11022	2762	1	\N
3350	11026	2764	1	\N
3351	11029	2703	1	\N
3352	11035	2767	1	\N
3353	11035	2847	3	\N
3354	11034	2766	1	\N
3355	11040	2765	1	\N
3356	11033	2769	1	\N
3357	11031	2768	1	\N
3358	11037	2573	1	\N
3359	11041	2574	1	\N
3360	11030	2773	1	\N
3361	11046	2772	1	\N
3362	11045	2704	1	\N
3363	11043	2771	1	\N
3364	11042	2770	1	\N
3365	10982	2839	1	\N
3366	10981	2825	1	\N
3367	10980	2826	1	\N
3368	10971	2822	1	\N
3369	10998	2829	1	\N
3370	10991	2842	1	\N
3371	10992	2828	1	\N
3372	10993	2830	1	\N
3373	10997	2947	1	\N
3374	11006	2705	1	\N
3375	11001	2701	1	\N
3376	11002	2700	1	\N
3377	11000	2706	1	\N
3378	11013	2761	1	\N
3379	11024	2702	1	\N
3380	11018	2547	1	\N
3381	11009	2549	1	\N
3382	10871	3146	1	t
3383	10877	3147	1	t
3384	10892	2744	1	t
3385	10893	2745	1	t
3386	10927	2885	1	t
3387	10916	2813	1	t
3388	10911	2814	1	t
3389	10929	2781	1	\N
3390	10947	2780	1	\N
3391	10939	2776	1	\N
3392	10949	3247	1	\N
3393	10954	3126	1	t
3394	10954	3432	1	t
3395	10944	3248	1	\N
3396	10937	2824	1	\N
3397	10945	2973	1	\N
3398	10967	2972	1	\N
3399	10955	3009	1	t
3400	10956	3036	1	\N
3401	10965	2971	1	\N
3402	10630	2970	1	\N
3403	10717	2788	1	t
3404	10776	2789	1	t
3405	10784	2790	1	t
3406	10772	2791	1	t
3407	10779	2794	1	t
3408	10782	2795	1	t
3409	10790	2787	1	t
3410	10803	2796	1	t
3411	10795	2797	1	t
3412	10804	2798	1	t
3413	10801	3633	1	t
3414	10801	2799	1	t
3415	10802	2800	1	t
3416	10811	2801	1	t
3417	10806	2803	1	t
3418	10806	3632	1	t
3419	10827	3010	1	t
3420	10827	2540	1	t
3421	10831	3078	1	t
3422	10825	3127	1	t
3423	10815	3128	1	t
3424	10834	3075	1	t
3425	10838	3079	1	t
3426	10835	2872	1	t
3427	10487	2541	1	t
3428	10487	3340	1	t
3429	10836	3132	1	t
3430	10842	3134	1	t
3431	10843	3133	1	t
3432	10848	3135	1	t
3433	10562	3399	1	t
3434	10562	3119	1	t
3435	10865	3137	1	t
3437	10869	3138	1	t
3438	10862	3139	1	t
3439	11358	3143	1	t
3440	11391	3144	1	t
3441	11572	3390	1	t
3442	11572	3114	1	\N
3443	11541	3155	1	t
3444	11545	2670	1	\N
3445	11508	2669	1	t
3446	11508	3890	10	\N
3447	11442	3026	1	\N
3448	11488	3205	1	\N
3449	11496	2611	1	\N
3450	11483	2612	1	\N
3451	11473	3591	1	t
3452	11473	3592	10	\N
3453	11473	3593	10	\N
3454	11473	2597	1	t
3455	11475	2667	1	t
3456	11453	2664	1	t
3457	11282	2659	1	t
3458	11301	3271	10	\N
3459	11301	2660	1	t
3460	11242	3151	1	t
3461	11111	3065	1	t
3462	10347	2629	1	t
3463	10226	3488	1	t
3464	10226	2643	1	t
3465	11058	3203	1	\N
3466	11381	3608	1	t
3467	11381	3641	1	t
3468	10763	3407	1	t
3469	10891	3419	1	t
3470	11105	3209	1	t
3471	11105	3423	10	\N
3472	11105	3416	1	t
3473	10426	3896	1	t
3474	9806	3850	1	t
3475	9832	3843	1	t
3476	11543	3529	1	t
3477	11543	2589	1	t
3478	10398	3492	1	t
3479	10170	3437	1	t
3480	10742	3495	1	t
3481	10393	3400	1	t
3482	11188	3269	10	\N
3483	11188	3160	1	t
3484	11172	3808	1	t
3485	11172	3828	10	\N
3486	11172	3006	1	t
3487	11394	3816	1	t
3488	11394	2668	1	t
3489	11492	3819	1	t
3490	11550	3391	1	t
3491	10193	3704	1	t
3492	10202	3705	1	t
3493	10413	3706	1	t
3494	10799	3707	1	t
3495	9970	3270	10	\N
3496	11187	3007	1	t
3497	11485	3165	1	t
3498	11485	3817	1	t
3499	11485	2657	1	t
3500	11377	3072	3	\N
3501	11377	3089	1	t
3502	10849	3823	1	t
3503	10792	3822	1	t
3504	11585	3183	1	t
3505	11094	3288	1	t
3506	11094	3289	1	t
3507	11094	3287	1	t
3508	10657	3321	1	t
3509	10793	3821	1	t
3510	10875	2873	1	t
3511	10182	3709	1	t
3512	10192	3708	1	t
3513	10187	3719	1	t
3514	10187	3755	1	t
3515	10382	3714	1	t
3516	10188	3756	1	t
3517	10188	3720	1	t
3518	9759	3872	1	t
3519	10220	3551	1	t
3520	10529	3357	1	t
3521	10634	3375	5	\N
3522	11655	3379	5	\N
3523	11655	3380	5	\N
3524	11364	3142	1	t
3525	10923	2812	5	\N
3526	11190	3254	1	t
3527	11384	3533	1	t
3528	11398	3534	1	t
3529	11587	3601	10	\N
3530	11587	3600	1	t
3531	11587	3255	1	t
3532	11588	3604	10	\N
3533	11588	3605	10	\N
3534	11588	3606	10	\N
3535	11588	3607	10	\N
3536	11588	3602	10	\N
3537	11588	3603	10	\N
3538	5938	3906	3	t
3539	1438	1757	1	t
3540	2506	3907	1	t
3541	9354	3908	1	t
3542	8500	3909	5	f
3543	8500	3910	5	f
3544	8500	3911	5	f
3545	8500	3912	5	f
3546	11732	3913	1	t
3548	7039	3915	1	t
3549	6210	3916	3	t
3550	6352	3917	3	t
3551	2230	3914	3	t
3552	11736	3914	3	t
3553	8016	3918	5	f
3554	8016	3919	5	f
3555	8016	3920	5	f
3556	8016	3921	5	f
3557	7872	3922	5	f
3558	7872	3923	5	f
3559	7872	3924	5	f
3560	7872	3925	5	f
3561	7872	3926	5	f
3562	7872	3927	5	f
3563	7872	3928	5	f
3564	7872	3929	5	f
3565	7873	3930	5	f
3566	7873	3931	5	f
3567	11791	3932	5	f
3568	11791	3933	5	f
3569	11791	3934	5	f
3570	11791	3935	5	f
3571	11791	3936	5	f
3572	11791	3937	5	f
3573	11791	3938	5	f
3574	11791	3939	5	f
3575	6057	3940	1	t
3576	8547	3941	1	t
3577	8547	3942	1	t
3578	8627	3943	5	f
3878	1778	4243	1	t
4182	11583	4565	3	t
4183	11576	4566	3	t
4184	11551	4567	1	t
4185	11551	4568	1	t
4186	11552	4569	1	t
4187	11551	4570	1	t
4188	11552	3615	5	f
4189	11544	4571	1	t
4190	11544	4572	1	t
4191	11544	4573	5	f
4192	11544	4574	1	t
4193	11563	4575	1	t
4194	14419	4576	1	t
4195	14461	4578	3	t
4196	14461	4579	3	t
4197	14462	4580	3	t
4198	14462	4581	3	t
4199	14462	4582	3	t
4200	14467	4583	1	t
4201	8761	4584	1	t
4202	14466	4585	1	t
4203	8666	4586	1	t
4204	14479	4587	1	t
4205	8857	4588	1	t
4206	371	4589	3	t
4207	2154	4590	1	t
4208	2274	4591	1	t
4209	2669	4592	1	t
4210	2682	4593	1	t
4211	1747	4594	1	t
4212	2733	4595	1	t
4213	3525	4596	1	\N
4214	3276	4597	1	t
4215	1388	794	1	t
4236	14864	4619	1	t
4237	755	4620	1	t
4238	8731	4622	3	\N
4239	8731	4621	1	t
4240	14904	4623	10	\N
4241	3548	4624	1	t
4242	14988	4625	1	t
4243	7655	4626	5	f
4244	7938	4627	3	t
4245	7938	4628	5	f
4246	7938	4629	5	f
4247	5817	4630	5	f
4248	5840	4630	5	f
4249	6887	4631	5	f
4250	9532	532	3	t
4251	9532	4632	3	t
4252	14992	4633	3	t
4253	14992	4634	5	f
4254	14992	4635	5	f
4255	14992	405	5	f
4256	14992	239	5	f
4257	9532	4636	5	f
4258	14418	4637	1	\N
4259	7183	4638	5	\N
4260	7905	4639	5	\N
4261	6873	4640	5	\N
4262	686	4641	10	\N
4263	7106	4642	1	\N
4264	7796	4643	1	\N
4265	7847	4644	1	\N
4266	7589	4645	1	\N
4267	7883	4646	1	\N
4268	7883	4647	1	\N
4269	6797	4648	1	\N
4270	6777	4649	1	\N
4271	6797	4650	1	\N
4272	6777	4651	1	\N
4273	4412	4652	3	\N
4274	3951	4653	5	\N
4275	4334	4653	3	\N
4276	5915	4654	3	\N
4279	8596	4657	5	\N
4280	8596	4658	5	\N
4281	8623	4659	5	\N
4282	8623	4660	5	\N
4283	8623	4661	5	\N
4284	8623	4662	5	\N
4285	8596	4663	5	\N
4286	8596	4664	5	\N
4287	8596	4665	5	\N
4288	8432	4666	5	\N
4289	8432	4667	5	\N
4290	8432	4668	5	\N
4291	6697	4669	5	\N
4292	3282	4670	5	\N
4380	2930	4707	5	\N
4381	1206	4708	3	\N
4382	1206	4709	3	\N
4383	11257	4710	5	\N
4384	8023	4711	5	\N
4385	8028	4712	5	\N
4386	8028	4713	5	\N
4387	7429	4714	5	\N
4388	7429	4715	5	\N
4389	7429	4716	5	\N
4390	4687	4717	3	\N
4391	6605	4718	5	\N
4392	6605	4719	5	\N
4394	5942	4721	1	\N
4396	15311	4722	1	\N
4397	8875	4723	1	\N
4398	15305	4724	1	\N
4399	15953	4725	5	\N
4400	15953	4726	5	\N
4401	15953	4727	5	\N
4402	15953	4728	5	\N
4403	15953	4729	5	\N
4404	15953	4731	5	\N
4405	15953	4732	5	\N
4406	15953	4733	5	\N
4407	15953	4734	5	\N
4408	15953	4735	5	\N
4409	15953	4736	5	\N
4410	15953	4737	5	\N
4411	15953	4738	5	\N
4412	15953	4739	5	\N
4413	15953	4741	5	\N
4414	15953	4742	5	\N
4415	6236	4743	5	\N
4416	1115	2291	1	\N
4417	4715	4744	5	\N
4418	5761	4745	5	\N
4419	7943	4746	5	\N
4421	7944	4747	5	\N
4422	6758	4748	3	\N
4423	4769	4749	1	\N
4425	16060	4750	1	\N
4426	16060	4751	1	\N
4427	16062	4752	1	\N
4428	16062	4753	3	\N
4429	16062	4754	3	\N
4430	16062	4755	3	\N
4431	7324	4756	1	\N
4432	21949	4757	5	\N
4433	3957	4758	3	\N
4434	3957	4759	3	\N
4435	3957	4760	3	\N
4436	3957	4761	3	\N
4437	3957	4762	3	\N
4438	3957	4763	3	\N
4439	3957	4764	3	\N
4440	21960	4765	5	\N
4441	21959	4765	1	\N
4442	10432	3659	1	\N
4444	11411	3758	1	\N
4445	11219	3750	1	\N
4446	10304	3657	5	\N
4449	9752	3871	1	\N
4450	10950	3699	1	\N
4451	55115	3648	1	\N
4459	55043	2774	8	\N
4460	10229	3649	1	\N
4466	55053	2746	8	\N
4468	10800	3691	5	\N
4470	10897	3696	1	\N
4471	9895	2565	8	\N
4474	11125	3644	1	\N
4475	55046	2752	8	\N
4476	9784	3876	1	\N
4479	9795	3879	1	\N
4484	9046	1562	1	\N
4485	55120	3752	1	\N
4487	55027	3180	1	\N
4489	55095	3444	1	\N
4498	11419	3753	1	\N
4501	10299	3665	5	\N
4504	10800	3692	5	\N
4505	10770	3557	1	\N
4506	4036	1559	1	\N
4509	55025	3178	1	\N
4510	55015	2968	1	\N
4515	51814	3559	1	\N
4520	55116	3651	1	\N
4524	9730	3860	1	\N
4527	9981	2560	8	\N
4530	55049	2754	8	\N
4534	9750	3870	1	\N
4538	10299	3666	5	\N
4540	9985	2561	8	\N
4541	10299	3661	1	\N
4542	52426	2817	1	\N
4543	10505	3674	1	\N
4544	11036	3702	5	\N
4546	10713	3683	1	\N
4548	55047	2747	8	\N
4551	10582	3304	1	\N
4554	9746	3869	1	\N
4556	10003	3885	1	\N
4559	55114	3556	1	\N
4561	55113	3545	3	\N
4566	9862	3881	1	\N
4570	9926	3884	1	\N
4571	55029	2714	8	\N
4573	11270	3751	1	\N
4576	9732	3866	1	\N
4578	55097	3202	1	\N
4579	10894	3698	1	\N
4581	10462	3672	1	\N
4582	10481	3673	1	\N
4583	10787	3693	1	\N
4585	55046	2737	1	\N
4586	10749	3685	1	\N
4587	55118	3658	1	\N
4589	9895	2749	8	\N
4590	10304	3655	1	\N
4591	9535	1561	1	\N
4592	10625	3676	1	\N
4593	10419	3668	1	\N
4598	9787	3874	1	\N
4600	10770	3552	1	\N
4604	22598	3555	1	\N
4607	10655	3679	5	\N
4610	11125	3729	1	\N
4611	10299	3663	1	\N
4615	22598	3558	1	\N
4619	10229	3650	1	\N
4620	9787	2715	8	\N
4621	10419	3670	5	\N
4626	10837	3694	1	\N
4631	9789	3878	1	\N
4634	55018	2539	1	\N
4640	10713	3684	5	\N
4641	11169	2909	8	\N
4646	10419	3671	5	\N
4647	11138	3728	1	\N
4655	9971	2562	8	\N
4661	10621	3677	1	\N
4664	9832	3880	1	\N
4665	11036	3700	1	\N
4666	54904	2975	1	\N
4669	55045	2736	8	\N
4672	55024	3172	1	\N
4673	11540	4577	1	\N
4674	55017	2542	1	\N
4677	55048	2566	8	\N
4678	10944	3667	1	\N
4679	2899	685	1	\N
4680	10304	3656	5	\N
4681	10749	3688	5	\N
4686	10099	2557	8	\N
4689	55042	2756	8	\N
4690	55044	3201	1	\N
4691	9780	2553	5	\N
4693	58835	3173	1	\N
4699	10897	3695	1	\N
4700	55046	2755	8	\N
4711	10299	3660	1	\N
4713	8838	681	1	\N
4714	10837	3759	1	\N
4715	11187	3561	1	\N
4716	10770	3553	1	\N
4717	10655	3680	5	\N
4722	10299	3662	1	\N
4723	4036	1560	1	\N
4725	10655	3678	1	\N
4726	55050	2910	8	\N
4727	10655	3681	5	\N
4729	10550	3245	1	\N
4731	10002	2559	8	\N
4737	55054	2976	1	\N
4740	10299	3664	5	\N
4744	10352	3546	1	\N
4748	55016	2969	1	\N
4752	10713	3682	1	\N
4753	9784	3875	1	\N
4754	55117	3652	1	\N
4757	11171	3730	1	\N
4759	10024	2558	8	\N
4762	10579	3675	1	\N
4765	55111	3873	1	\N
4768	55040	2544	8	\N
4771	55052	2919	8	\N
4772	55038	2738	8	\N
4773	47503	3858	1	\N
4776	11433	3754	1	\N
4778	10304	3654	1	\N
4780	54862	2735	8	\N
4781	10169	2555	8	\N
4785	22649	3868	1	\N
4786	11036	3701	1	\N
4787	55031	2739	1	\N
4791	10749	3687	5	\N
4794	11226	2568	8	\N
4795	10897	3697	5	\N
4798	10156	2556	8	\N
4800	10749	3686	1	\N
4802	9967	2563	8	\N
4805	10693	3207	8	\N
4806	10800	3689	1	\N
4809	11115	3703	1	\N
4813	55110	3859	1	\N
4815	55117	3653	1	\N
4818	11226	2816	8	\N
4824	10800	3690	1	\N
4826	10683	2554	8	\N
4827	9785	3877	1	\N
4828	10064	3560	1	\N
4848	10419	3669	5	\N
4849	55051	2740	8	\N
4851	9972	3554	1	\N
4853	10375	3547	1	\N
4858	9922	3883	1	\N
4861	11526	3833	5	\N
4863	1602	1168	3	\N
4864	1896	4765	5	\N
4865	8150	4765	5	\N
4866	21960	2499	1	\N
4867	7918	4766	5	\N
4868	6218	4767	5	\N
4869	9079	4768	5	\N
4870	9080	4769	5	\N
4871	9080	4770	5	\N
4872	9081	4771	5	\N
4873	9081	4772	5	\N
4874	22047	4773	1	\N
4875	22047	4768	5	\N
4876	22058	4774	3	\N
4877	22058	4775	3	\N
4878	22118	4776	3	\N
4879	22118	4777	3	\N
4880	8982	4778	10	\N
4881	7783	4779	5	\N
4882	6860	4780	3	\N
4883	8278	3913	3	\N
4884	8111	4781	1	\N
4886	22122	4783	3	\N
4891	22158	4788	1	\N
4892	7346	4789	5	\N
5295	2853	5178	1	\N
5296	5122	5179	1	\N
5297	15757	5180	1	\N
5298	1145	5181	1	\N
5299	22362	5182	1	\N
5300	15949	5183	1	\N
5301	22363	5184	1	\N
5302	15905	5185	1	\N
5303	755	5186	1	\N
5304	109	5187	1	\N
5305	22364	5188	1	\N
5306	22364	5189	1	\N
5307	2553	5190	1	\N
5308	2553	5191	1	\N
5309	2553	5192	1	\N
5310	2553	5193	1	\N
5311	2553	5194	1	\N
5312	2553	5195	1	\N
5313	2553	5196	1	\N
5314	2553	5198	1	\N
5315	2553	5199	1	\N
5316	2553	5200	1	\N
5317	2553	5202	1	\N
5318	1511	5203	1	\N
5319	2919	5204	1	\N
5320	6961	5205	1	\N
5321	22409	772	1	\N
5322	221	5206	5	\N
5323	1939	5206	5	\N
5324	2026	5206	5	\N
5325	2236	5206	5	\N
5326	3762	5206	5	\N
5327	4255	5206	5	\N
5328	4254	5206	5	\N
5329	4395	5206	5	\N
5331	9649	5208	3	\N
5332	22579	5209	3	\N
5333	22579	5210	3	\N
5338	22620	5214	3	\N
5339	22620	5215	3	\N
5340	22620	5216	3	\N
5342	22655	5217	1	\N
5343	22656	5218	1	\N
5344	22600	5219	1	\N
5345	22601	5220	1	\N
5346	22657	5221	1	\N
5347	22654	5222	1	\N
5348	9736	5223	1	\N
5349	22652	5224	1	\N
5350	22651	5224	5	\N
5351	22650	5225	1	\N
5352	9740	5226	1	\N
5353	22658	5227	1	\N
5354	9741	5228	1	\N
5355	22603	5229	1	\N
5356	22659	5230	1	\N
5357	9742	5231	1	\N
5358	9743	5232	1	\N
5359	22660	5233	1	\N
5360	22661	5234	1	\N
5361	22663	5235	1	\N
5362	9733	5236	1	\N
5363	9734	5237	1	\N
5364	22662	5238	1	\N
5365	9735	5239	1	\N
5366	22666	5240	3	\N
5367	6740	5240	3	\N
5368	6740	5241	3	\N
5369	22666	5241	3	\N
5383	11251	5255	1	\N
5384	11374	5256	1	\N
5389	11555	5262	1	\N
5394	24930	5266	5	\N
5395	24930	5267	5	\N
5396	24930	5268	5	\N
5397	3031	1734	1	\N
5398	3206	5269	1	\N
5399	3721	5270	1	\N
5400	24932	5272	3	\N
5401	24932	5273	5	\N
5402	2825	5274	1	\N
5403	3166	5275	1	\N
7301	15573	7164	1	\N
7302	15394	7164	1	\N
7303	15572	7164	1	\N
7304	15576	7164	1	\N
7305	15575	7164	1	\N
7306	58	7165	1	\N
7307	22005	7166	1	\N
7308	15407	7167	3	\N
7309	1778	7168	1	\N
7310	15820	7169	3	\N
7311	15817	7170	3	\N
7316	31915	7175	1	\N
7317	9507	7176	5	\N
7318	3369	2497	1	\N
7319	9574	7177	5	\N
7320	9574	7178	5	\N
7321	90	7179	5	\N
7322	9623	7180	5	\N
7323	9623	7181	5	\N
7324	9623	7183	5	\N
7325	9623	7184	5	\N
7326	9623	7185	5	\N
7327	9623	7186	5	\N
7354	11682	7213	3	\N
7355	1860	7213	3	\N
7356	32012	7214	3	\N
7357	32012	7215	3	\N
7358	32012	7216	3	\N
7359	4815	7217	5	\N
7360	4815	7218	5	\N
7361	4815	7219	5	\N
7362	4815	7220	5	\N
7363	4815	7221	5	\N
7364	7699	7222	5	\N
7365	7044	7222	5	\N
7366	7699	7223	5	\N
7367	6235	7224	5	\N
7368	7267	7225	5	\N
19932	44444	19790	3	\N
19933	44444	19791	3	\N
19934	44444	19792	3	\N
19935	44444	19793	3	\N
19936	5730	19794	1	\N
19937	379	19795	3	\N
19938	4274	19796	3	\N
19939	4276	19797	3	\N
19940	4277	19797	3	\N
19941	5430	19798	3	\N
19942	5872	19798	3	\N
19943	7268	19799	5	\N
19944	7268	19800	5	\N
19945	7894	19801	5	\N
19946	9078	19802	5	\N
19947	9078	19803	5	\N
19948	9078	19805	5	\N
19949	9078	19806	5	\N
19950	8495	19807	5	\N
19951	8495	19808	5	\N
19952	9075	19809	5	\N
19953	44501	19810	1	\N
19954	15911	19811	1	\N
19955	4020	19812	5	\N
19956	4020	19813	5	\N
19957	15905	19814	5	\N
19958	15905	19815	5	\N
19959	50468	683	1	\N
19960	50468	19816	1	\N
19961	8838	19817	1	\N
19962	2899	19818	1	\N
19963	9493	19819	5	\N
19964	9493	19820	5	\N
19965	6319	19821	5	\N
19966	6319	19822	5	\N
19967	50481	19823	3	\N
19968	7770	19824	3	\N
19969	9137	19825	3	\N
19970	50579	19826	1	\N
19972	1616	19828	1	\N
19973	2031	19829	1	\N
19974	2314	19830	1	\N
19975	2226	19831	1	\N
19976	2305	19832	1	\N
19977	2905	19833	1	\N
19978	2942	19834	1	\N
19979	3164	19835	1	\N
19980	3309	19836	1	\N
19981	3593	19837	1	\N
19982	4120	19838	1	\N
19984	4635	19840	1	\N
19985	47380	19841	1	\N
19986	47380	19843	3	\N
19987	47380	19844	3	\N
19988	11369	19845	1	\N
19989	11494	3817	5	\N
19990	11178	3810	5	\N
19991	6869	19846	5	\N
19992	6662	19847	5	\N
19993	416	19848	3	\N
19994	416	19849	3	\N
19995	4106	19850	5	\N
19996	9673	19850	5	\N
19997	50674	19851	3	\N
19998	2052	19852	1	\N
19999	6655	19853	1	\N
20000	6654	19854	1	\N
20001	14902	19855	5	\N
20002	14902	19856	1	\N
20003	15905	19859	1	\N
20004	15905	19860	1	\N
20005	5153	19861	1	\N
20006	5153	19862	1	\N
20007	15993	19863	1	\N
20008	4536	19864	1	\N
20009	3060	19865	1	\N
20010	7306	19866	1	\N
20011	15757	19867	5	\N
20012	15757	19868	5	\N
20013	5731	19869	1	\N
20014	50679	19870	1	\N
20015	50680	19871	1	\N
20016	50679	19872	1	\N
20017	50681	19873	1	\N
20018	50682	19874	1	\N
20019	3415	19875	1	\N
20020	3060	19876	1	\N
20021	3060	19877	1	\N
20022	50683	19878	1	\N
20023	6762	19880	1	\N
20024	6543	19881	1	\N
20025	6543	19882	1	\N
20026	7127	19883	1	\N
20027	7153	19884	1	\N
20028	6459	19885	1	\N
20029	6614	19886	1	\N
20030	6467	19887	1	\N
20031	6066	19887	3	\N
20032	9409	19888	1	\N
20033	6446	19889	1	\N
20034	6309	19890	1	\N
20035	6377	19891	1	\N
20036	6238	19892	1	\N
20037	7127	19893	1	\N
20038	6484	19894	1	\N
20039	50684	19895	1	\N
20040	50685	19896	1	\N
20041	44506	19897	1	\N
20042	44504	19898	1	\N
20043	50686	19899	1	\N
20044	16034	19900	1	\N
20045	44506	19901	1	\N
20046	15927	19902	1	\N
20047	6502	19903	1	\N
20048	5504	19904	5	\N
20049	5448	19905	5	\N
20050	50687	19906	3	\N
20051	2143	19907	5	\N
20052	8057	19908	5	\N
20053	8057	19909	5	\N
20054	8057	19910	5	\N
20055	8057	19911	5	\N
20056	50697	19912	1	\N
20057	5577	19913	5	\N
20058	9582	19914	5	\N
20059	397	19915	3	\N
20060	9427	19916	5	\N
20061	24962	19917	3	\N
20062	50700	19918	1	\N
20063	30802	19919	3	\N
20064	30802	19920	3	\N
20065	50708	19921	1	\N
20066	50718	19922	5	\N
20067	50718	19923	3	\N
20068	50718	19924	3	\N
20069	6960	19925	5	\N
20070	6463	19926	5	\N
20071	622	19927	5	\N
20072	421	19928	5	\N
20073	50721	19929	1	\N
20074	50721	19930	1	\N
20075	50720	19930	1	\N
20076	50720	19931	1	\N
20077	50721	19931	1	\N
20078	50721	19932	1	\N
20079	50720	19932	1	\N
20081	50721	19933	1	\N
20082	50721	19934	5	\N
20083	50721	19935	5	\N
20084	50720	19934	5	\N
20085	50720	19935	5	\N
20086	50720	19936	1	\N
20089	50721	19937	1	\N
20090	50720	19938	1	\N
20092	50721	19939	1	\N
20093	4743	19940	3	\N
20094	4743	19941	3	\N
20095	4743	19942	3	\N
20096	4743	19943	3	\N
20097	8527	19944	3	\N
20098	7585	19945	3	\N
20099	2470	19946	3	\N
20100	15279	19947	3	\N
20101	7019	19948	3	\N
20102	7019	19950	3	\N
20103	50832	19951	3	\N
20104	8201	19952	5	\N
20105	8201	19953	5	\N
20106	969	19954	1	\N
20107	5734	19955	5	\N
20108	5734	19956	5	\N
20109	6178	19957	5	\N
20110	2121	19958	5	\N
20111	2121	19959	5	\N
20112	2121	19960	5	\N
20113	7617	19961	5	\N
20114	7408	19962	5	\N
20115	50842	19963	5	\N
20116	50842	19964	5	\N
20117	50845	19965	3	\N
20118	22043	19966	3	\N
20119	1618	19967	5	\N
20120	1618	19968	5	\N
20121	50847	19969	5	\N
20122	50847	19970	5	\N
20123	50847	19971	5	\N
20124	2240	19971	5	\N
20125	2240	19970	5	\N
20126	2240	19969	5	\N
20127	652	19972	3	\N
20128	652	19973	3	\N
20129	1926	19974	5	\N
20130	1926	19975	5	\N
20131	452	19976	3	\N
20132	19603	19977	1	\N
20133	50851	1531	3	\N
20134	8235	19978	5	\N
20135	8703	19979	5	\N
20136	8703	19980	5	\N
20137	8703	19981	5	\N
20138	8703	19982	5	\N
20139	8703	19983	5	\N
20140	8703	19984	5	\N
20141	8703	19985	5	\N
20142	8703	19986	5	\N
20143	8703	19987	5	\N
20144	8703	19988	5	\N
20145	8703	19989	5	\N
20146	8975	19990	5	\N
20148	8975	19991	5	\N
20149	8975	19992	5	\N
20150	8975	19993	5	\N
20151	8975	19994	5	\N
20152	50864	19995	5	\N
20153	22594	19996	1	\N
20154	22500	19997	3	\N
20155	215	19997	5	\N
20156	11765	19998	5	\N
20157	50876	20000	1	\N
20158	7756	20001	5	\N
20159	9587	20002	3	\N
20160	9587	20003	3	\N
20161	6271	20004	3	\N
20162	22026	20005	1	\N
20163	8241	20006	5	\N
20164	50536	20007	5	\N
20165	50536	20008	5	\N
20166	50890	20009	1	\N
20167	4848	20010	5	\N
20168	108	20011	5	\N
20169	108	20012	5	\N
20170	108	20013	5	\N
20171	108	20014	5	\N
20172	108	20015	5	\N
20173	22523	20011	5	\N
20174	22523	20012	5	\N
20175	22523	20013	5	\N
20176	22523	20014	5	\N
20177	22523	20015	5	\N
20178	901	20016	5	\N
20179	901	20017	5	\N
20180	901	20018	5	\N
20181	901	20019	5	\N
20182	901	20020	5	\N
20183	6222	20021	5	\N
20184	6222	20022	5	\N
20185	1638	1088	5	\N
20186	50541	20023	3	\N
20187	7463	20024	5	\N
20188	7463	20025	5	\N
20189	189	20026	3	\N
20190	15300	20027	3	\N
20191	5643	20028	5	\N
20192	4899	20029	5	\N
20193	5594	20029	5	\N
20194	50894	20030	3	\N
20195	50894	20031	3	\N
20196	50894	20032	3	\N
20197	8022	20033	5	\N
20199	8840	20035	5	\N
20200	22380	20036	3	\N
20201	372	20037	3	\N
20202	2024	20038	3	\N
20203	2024	20039	3	\N
20212	51001	20048	1	\N
20332	7882	20301	5	\N
20333	7882	20302	5	\N
20334	7882	20303	5	\N
20335	7882	20304	5	\N
20336	7882	20305	5	\N
20337	7882	20306	5	\N
20338	7882	20307	5	\N
20339	2969	20308	1	\N
20341	51584	20309	3	\N
20342	51584	20310	3	\N
21498	7075	21443	1	\N
21508	9229	21454	5	\N
21511	53087	21456	5	\N
21512	53087	2966	1	\N
21514	53193	21457	3	\N
21515	53193	21458	5	\N
21516	53193	21459	3	\N
21517	53189	21460	3	\N
21518	53189	21461	3	\N
21519	53302	21462	2	\N
21520	53303	21463	2	\N
21521	53304	21464	2	\N
21688	53193	21631	3	\N
21689	53193	21632	3	\N
21690	53189	21457	5	\N
21691	53189	21458	5	\N
21692	53189	21459	5	\N
21693	53193	21633	5	\N
21694	53193	21634	5	\N
21695	15451	21635	1	\N
21696	53753	21636	1	\N
21697	15854	21637	1	\N
21698	15862	21638	1	\N
21699	77	21639	1	\N
21700	15563	21640	1	\N
21701	53750	21641	1	\N
21702	53754	21642	1	\N
21703	47387	21642	1	\N
21704	53755	21643	1	\N
21705	15445	21644	1	\N
21706	15859	21645	1	\N
21707	15858	21646	1	\N
21708	30788	21647	1	\N
21709	53756	21648	1	\N
21710	15958	21649	1	\N
21711	15907	21650	1	\N
21712	53757	21651	1	\N
21713	15406	21652	1	\N
21714	62	21653	1	\N
22054	9389	21995	1	\N
22055	54194	21996	1	\N
22056	54194	21997	1	\N
22057	54195	21998	5	\N
22058	54195	21999	5	\N
22059	54195	22000	5	\N
22060	54195	22001	5	\N
22767	54397	19997	1	\N
22768	54398	1483	1	\N
22769	54607	22672	3	\N
22770	5080	22673	5	\N
22771	54835	22674	1	\N
22772	54865	527	1	t
22775	11681	526	3	\N
22776	11681	527	3	\N
22777	11539	3174	5	\N
22778	55017	22675	1	\N
22779	10440	2539	5	\N
22780	9920	22676	1	\N
22781	55019	22677	1	\N
22782	55021	22678	1	\N
22783	55020	22679	1	\N
22784	55022	22680	1	\N
22785	55023	22681	1	\N
22786	55028	2750	1	\N
22787	55029	22682	1	\N
22788	55030	22683	1	\N
22789	55031	22684	1	\N
22790	10155	22685	1	\N
22791	55032	22686	1	\N
22792	55033	22687	1	\N
22793	9842	22688	1	\N
22794	55034	22689	1	\N
22795	55035	22690	1	\N
22796	55036	22691	1	\N
22797	55037	22693	1	\N
22798	55038	22692	8	\N
22799	55038	22694	8	\N
22800	55039	22695	1	\N
22801	55040	22696	1	\N
22802	55041	22697	1	\N
22804	55050	22699	8	\N
22968	10539	22700	1	\N
22969	10534	22701	1	\N
22970	10196	22702	1	\N
22971	55092	22703	1	\N
22972	55094	22704	1	\N
22973	55096	22705	1	\N
22974	10365	22706	1	\N
22975	11541	22707	5	\N
22976	32013	2403	3	\N
22977	11792	6377	5	\N
22978	50687	1821	3	\N
22979	50687	1798	3	\N
22980	50887	781	3	\N
22981	50888	781	3	\N
22982	50889	781	3	\N
22983	50471	284	3	\N
22984	50472	284	3	\N
22985	51103	812	3	\N
22986	50864	2119	3	\N
22987	50864	19828	3	\N
22989	21950	22708	3	\N
22990	50705	1232	3	\N
22991	50706	4756	3	\N
22992	50707	22709	3	\N
22993	51033	1750	3	\N
22994	24964	1129	3	\N
22995	50850	2357	3	\N
22996	47844	2009	3	\N
22997	22022	1987	3	\N
22998	32012	670	3	\N
22999	50832	2262	3	\N
23000	50832	2261	3	\N
23001	4160	22710	1	\N
23002	50842	1553	3	\N
23003	50851	1522	3	\N
23004	15194	1291	3	\N
23005	15195	1287	3	\N
23006	50835	968	3	\N
23007	50868	86	3	\N
23008	50868	1487	3	\N
23009	10284	22711	1	\N
23010	10284	22712	1	\N
23011	10284	22713	1	\N
23012	10284	22714	1	\N
23013	10284	22715	1	\N
23014	10482	22716	1	\N
23015	10287	22717	1	\N
23016	10290	22718	1	\N
23017	10286	22719	1	\N
23018	10286	22720	1	\N
23019	10286	22721	1	\N
23020	10286	22722	1	\N
23021	10429	22723	1	\N
23022	10288	22724	1	\N
23023	10288	22725	1	\N
23024	10288	22726	1	\N
23025	10288	22727	1	\N
23026	10288	22728	1	\N
23027	10288	22729	5	\N
23028	10285	22730	1	\N
23029	10285	22731	1	\N
23030	10333	22732	1	\N
23031	10333	22733	1	\N
23032	10334	22734	1	\N
23033	10334	22735	1	\N
23034	10383	22736	1	\N
23035	10774	22737	1	\N
23036	10344	22738	1	\N
23037	10364	22739	1	\N
23038	10358	22740	1	\N
23039	10291	22741	5	\N
23040	10291	22742	1	\N
23041	10400	22743	1	\N
23042	10291	22744	1	\N
23043	10291	22745	1	\N
23044	55101	22746	1	\N
23045	10292	22747	1	\N
23046	10292	22748	1	\N
23047	10293	22749	1	\N
23048	10371	22750	1	\N
23049	10371	22751	1	\N
23050	10293	22752	1	\N
23051	10439	22753	1	\N
23052	10341	22754	5	\N
23054	10341	22755	5	\N
23055	10341	22756	5	\N
23056	10341	22757	5	\N
23057	10341	22758	5	\N
23058	10341	22759	1	\N
23059	10341	22760	1	\N
23060	10858	22761	1	\N
23061	10858	22762	1	\N
23062	10858	22763	1	\N
23063	10858	22764	1	\N
23064	10858	22765	1	\N
23065	10858	22766	5	\N
23066	10858	22767	1	\N
23067	10858	22768	5	\N
23068	10858	22769	1	\N
23069	10296	22770	1	\N
23070	10296	22771	1	\N
23072	10296	22772	1	\N
23073	10296	22773	1	\N
23074	10296	22774	1	\N
23075	10298	22775	1	\N
23076	10298	22776	1	\N
23077	10298	22777	1	\N
23078	10302	22778	1	\N
23079	10303	22779	1	\N
23080	10303	22780	1	\N
23081	55102	22781	1	\N
23082	10303	22782	1	\N
23083	10303	22783	5	\N
23084	10740	22784	5	\N
23085	10309	22785	1	\N
23086	10309	22786	1	\N
23088	55103	3250	1	\N
23089	10309	22787	1	\N
23090	10309	22788	1	\N
23091	10309	22789	1	\N
23092	10690	22790	1	\N
23093	55103	22791	1	\N
23094	10377	22792	1	\N
23095	55104	22793	1	\N
23096	10376	22794	1	\N
23097	10376	22795	1	\N
23098	10311	22796	5	\N
23099	10311	22797	1	\N
23100	10311	22798	1	\N
23101	10311	22799	1	\N
23102	10373	22800	1	\N
23103	10581	22801	1	\N
23104	10537	22802	1	\N
23105	55105	22803	1	\N
23106	10313	22804	1	\N
23107	10313	22805	1	\N
23108	10313	22806	1	\N
23109	10313	22807	5	\N
23110	10313	22808	5	\N
23111	10313	22809	5	\N
23112	10313	22810	5	\N
23113	10313	22811	5	\N
23114	10313	22812	5	\N
23115	10313	22813	5	\N
23116	10313	22814	5	\N
23117	10313	22815	5	\N
23118	55106	22816	1	\N
23119	10436	22817	1	\N
23120	10436	22818	1	\N
23121	10269	22819	1	\N
23122	10269	22820	1	\N
23123	10269	22821	1	\N
23124	10270	22822	1	\N
23125	10270	22823	5	\N
23126	10316	22824	1	\N
23127	10316	22825	1	\N
23128	55107	22826	1	\N
23129	10325	22827	1	\N
23130	10332	22828	1	\N
23131	9790	22829	1	\N
23132	9790	22830	1	\N
23133	9825	22831	1	\N
23134	9825	22832	1	\N
23135	9921	22833	1	\N
23136	9921	22834	1	\N
23137	10239	22835	1	\N
23138	10239	22836	1	\N
23139	10164	22837	1	\N
23140	55108	22838	1	\N
23141	10320	22839	5	\N
23142	10320	22840	1	\N
23143	10320	22841	1	\N
23144	10320	22842	1	\N
23145	10320	22843	1	\N
23146	10326	22844	1	\N
23147	10326	22845	1	\N
23148	10326	22846	1	\N
23149	10328	22847	1	\N
23150	10328	22848	1	\N
23151	10328	22849	1	\N
23152	10328	22850	1	\N
23153	10345	22851	1	\N
23154	10355	22851	1	\N
23155	10363	22852	1	\N
23156	10363	22853	1	\N
23157	10363	22854	1	\N
23158	10363	22855	1	\N
23159	10331	22856	1	\N
23160	10331	22857	1	\N
23161	55109	22858	1	\N
23162	11455	22859	1	\N
23163	11455	22860	1	\N
23164	9867	3886	1	\N
23165	55113	22861	3	\N
23166	10936	3885	5	\N
23167	55119	2903	1	\N
23169	55120	22862	1	\N
23170	55121	22867	1	\N
23171	55122	22868	1	\N
23172	55119	22869	1	\N
23173	11265	22870	1	\N
23174	11337	22871	1	\N
23175	55123	22872	1	\N
23176	11337	22873	1	\N
23177	55125	22863	1	\N
23178	55126	22864	1	\N
23179	55127	22865	1	\N
23180	55128	22866	1	\N
23181	10102	22874	1	\N
23182	55129	22875	1	\N
23183	9820	22876	1	\N
23184	9821	22876	1	\N
23185	9822	22876	1	\N
23186	9853	22877	1	\N
23187	9910	22878	1	\N
23188	9985	22879	1	\N
23190	55134	22882	1	\N
23191	55133	22881	1	\N
23192	55134	22883	1	\N
23193	55135	22880	1	\N
23194	55137	22884	1	\N
23195	55138	22885	1	\N
23196	55039	22886	1	\N
23197	55139	22887	1	\N
23198	11061	22888	1	\N
23199	11021	22889	1	\N
23200	11021	22890	1	\N
23201	10989	22891	1	\N
23202	11078	22892	1	\N
23203	55140	22893	1	\N
23204	55141	22894	1	\N
23205	55142	22895	1	\N
23207	10274	22896	1	\N
23208	10274	22897	1	\N
23209	10241	22898	1	\N
23210	10230	22899	1	\N
23211	55143	22900	1	\N
23212	55144	22901	1	\N
23213	55144	22902	1	\N
23214	10276	22903	1	\N
23215	10276	22904	1	\N
23216	55145	22905	1	\N
23217	55145	22906	1	\N
23218	10406	22907	1	\N
23219	10209	22908	1	\N
23220	10490	22909	1	\N
23221	10447	22910	1	\N
23222	10578	22911	1	\N
23223	55146	22912	1	\N
23224	10205	22913	1	\N
23225	10205	22914	1	\N
23226	10549	22915	1	\N
23227	10279	22916	1	\N
23228	10279	22917	1	\N
23229	10186	22918	1	\N
23230	10583	22919	1	\N
23231	10564	22920	1	\N
23232	10564	22921	1	\N
23233	10271	22922	1	\N
23234	10271	22923	1	\N
23235	10169	22924	1	\N
23236	55148	22925	1	\N
23237	55149	22926	1	\N
23238	10219	22927	1	\N
23239	10247	22928	1	\N
23240	10248	22929	1	\N
23241	10317	22930	1	\N
23242	10289	22931	1	\N
23243	10337	22932	1	\N
23244	10368	22933	1	\N
23245	10387	22934	1	\N
23246	55150	22935	1	\N
23247	10233	22936	1	\N
23248	10233	22937	1	\N
23249	10233	22938	1	\N
23250	10255	22939	1	\N
23251	10282	22940	1	\N
23252	10319	22941	1	\N
23253	55151	22942	1	\N
23254	55151	22943	1	\N
23255	10261	22944	1	\N
23256	10261	22945	1	\N
23257	10261	22946	1	\N
23258	10261	22947	1	\N
23259	10317	22948	1	\N
23260	10317	22949	1	\N
23261	10317	22950	1	\N
23262	10310	22951	1	\N
23263	10310	22953	1	\N
23264	55152	22954	1	\N
23265	10360	22955	1	\N
23266	10360	22956	1	\N
23267	10360	22957	1	\N
23268	10477	22959	1	\N
23269	55153	22960	1	\N
23270	10386	22961	1	\N
23271	10430	22962	5	\N
23272	10430	22963	1	\N
23273	10453	22964	1	\N
23274	10453	22965	5	\N
23275	10548	22966	1	\N
23276	10841	22967	1	\N
23277	11067	22968	1	\N
23278	11495	22970	1	\N
23279	50473	22971	3	\N
23280	55158	22971	1	\N
23281	54238	256	3	\N
23282	3180	256	3	\N
23283	22122	230	3	\N
23284	14997	454	3	\N
23288	457	22974	3	\N
23289	457	22975	3	\N
23290	457	22976	3	\N
23291	457	22977	3	\N
23292	457	22978	3	\N
23293	457	22979	3	\N
23294	55176	22980	3	\N
23295	55176	22981	3	\N
23296	55177	22982	3	\N
23297	55177	22983	3	\N
23298	55178	22984	3	\N
23299	55178	22985	3	\N
23300	463	22986	3	\N
23301	55176	22987	3	\N
23302	55179	2253	3	\N
23303	55179	22988	3	\N
23304	55179	22989	3	\N
23305	15446	22990	3	\N
23306	15446	22991	3	\N
23307	15446	22992	3	\N
23308	15446	22993	3	\N
23309	15446	22994	3	\N
23310	1783	22995	3	\N
23311	1783	22996	3	\N
23312	8959	22997	3	\N
23313	8959	22998	3	\N
23314	8959	22999	3	\N
23315	15401	23000	3	\N
23316	15401	23001	3	\N
23317	55187	23002	3	\N
23318	55187	23003	3	\N
23319	65	23004	5	\N
23320	14919	23005	3	\N
23321	14919	23006	3	\N
23322	55192	23007	1	\N
23323	55190	23007	3	\N
23324	15448	23008	3	\N
23325	15448	23009	3	\N
23326	55197	929	3	\N
23327	7133	23010	1	\N
23328	55200	23011	1	\N
23329	50699	23011	3	\N
23330	50699	947	3	\N
23331	55213	23012	3	\N
23332	55213	23013	3	\N
23333	55213	23014	3	\N
23334	55217	23015	3	\N
23335	55217	23016	3	\N
23336	55219	23017	3	\N
23337	55219	23018	3	\N
23338	55218	23019	3	\N
23339	9536	23020	3	\N
23340	9536	23021	3	\N
23341	109	23022	1	\N
23342	887	23023	1	\N
23343	1511	23024	1	\N
23344	1269	23025	1	\N
23345	55226	23026	1	\N
23346	55227	23027	1	\N
23347	55228	23028	1	\N
23348	55229	23029	1	\N
23349	55230	23030	1	\N
23350	50749	23031	1	\N
23351	50673	23032	1	\N
23352	50866	23033	1	\N
23353	21957	23034	1	\N
23354	55430	1934	5	\N
23362	55432	1012	5	\N
23363	55433	722	5	\N
23364	55439	2528	5	\N
23365	55437	2137	5	\N
23366	55605	2137	5	\N
23367	55451	930	5	\N
23368	55435	1136	5	\N
23369	55444	700	5	\N
23370	55443	700	5	\N
23371	55609	700	5	\N
23372	55449	1083	5	\N
23373	55454	1201	5	\N
23374	55452	323	5	\N
23375	55452	525	5	\N
23376	55438	1161	5	\N
23377	55445	612	5	\N
23378	55445	651	5	\N
23379	55031	23042	1	\N
27607	7266	27185	3	\N
27619	56903	1660	3	\N
27620	6209	27194	5	\N
27621	9340	27195	3	\N
27743	57107	27315	1	\N
27744	57107	27316	1	\N
27745	15467	27317	3	\N
27746	2	27318	1	\N
27747	52425	27319	1	\N
27748	52614	27320	3	\N
27749	52615	27321	3	\N
27750	52612	27322	3	\N
27751	52609	27323	3	\N
27752	11455	2661	1	\N
27753	11514	27324	1	\N
27754	11514	27325	1	\N
27755	11324	27326	1	\N
27756	11284	27327	5	\N
27757	11284	27328	5	\N
27758	11284	27329	5	\N
27759	11284	27330	5	\N
27760	11284	27331	5	\N
27761	11284	27332	5	\N
27762	11284	27333	5	\N
27763	11284	27334	5	\N
27764	9289	104	3	\N
27765	52604	27335	1	\N
27766	52604	27336	1	\N
27798	58828	2805	1	\N
27799	58830	2895	1	\N
27805	11097	27374	5	\N
27806	11200	2907	1	\N
27807	11196	27375	5	\N
27808	11199	27376	5	\N
27809	11199	27377	5	\N
27810	55015	27378	5	\N
27811	58833	2948	1	\N
27812	58833	27379	5	\N
27813	11206	27379	5	\N
27814	11213	27380	1	\N
27815	11218	27381	5	\N
27816	11218	27382	5	\N
27817	11218	27383	5	\N
27818	55119	27384	5	\N
27819	11209	27385	5	\N
27820	11239	27386	5	\N
27821	11248	27387	5	\N
27822	11248	27388	5	\N
27823	11265	27389	5	\N
27824	11270	27390	5	\N
27825	11273	2886	1	\N
27826	11493	27392	5	\N
27827	11493	27393	5	\N
27828	9796	2553	5	\N
27829	9814	2553	5	\N
27830	9819	2553	5	\N
27831	9912	2553	5	\N
27832	10061	2553	5	\N
27833	52432	2553	5	\N
27834	10105	2553	5	\N
27835	11530	27394	5	\N
27836	58834	27395	1	\N
27837	58834	2614	5	\N
27838	10219	27396	3	\N
27839	10247	27396	3	\N
27840	10108	27397	5	\N
27841	10251	27397	5	\N
27842	10331	27398	5	\N
27843	10326	27399	5	\N
27844	55115	3643	5	\N
27845	55115	3646	5	\N
27846	55115	3647	5	\N
27847	10299	27400	5	\N
27848	10299	27401	5	\N
27852	378	27405	3	\N
27854	59125	27407	5	\N
27855	59125	27408	5	\N
27856	59125	27409	5	\N
27857	59125	27410	5	\N
27858	59125	27411	5	\N
27859	59125	27412	3	\N
27860	59125	27413	3	\N
27861	59125	27414	3	\N
27980	14953	27533	3	\N
27981	14953	27534	3	\N
27982	58829	2834	3	\N
27983	11201	27537	3	\N
27984	10655	27538	3	\N
27985	11433	27539	4	\N
27986	59360	27540	3	\N
27987	59360	27541	3	\N
27988	59360	27542	5	\N
27989	59362	27543	3	\N
27990	9964	27544	3	\N
27991	9969	27545	5	\N
27992	9969	27546	5	\N
27993	52604	27547	1	\N
27994	52616	27548	1	\N
27995	22655	27549	1	\N
27996	52415	27550	1	\N
27997	9724	27551	1	\N
27998	9729	27552	1	\N
27999	22651	27553	1	\N
28001	22652	27553	5	\N
28002	22652	27554	5	\N
28003	22653	27554	1	\N
28004	22653	5224	5	\N
28005	9737	27555	1	\N
28006	52422	27557	1	\N
28007	22606	27561	1	\N
28008	22605	27562	1	\N
28009	57110	5229	5	\N
28010	57110	27564	1	\N
28011	22603	27564	5	\N
28012	47467	27565	1	\N
28013	22683	27566	3	\N
28014	9823	22876	1	\N
28015	10279	27576	5	\N
28016	10279	27577	5	\N
28017	10279	27578	5	\N
28018	59380	27579	1	\N
28019	59381	27580	1	\N
28020	10441	27581	1	\N
69702	59407	2693	5	\N
69703	59406	27335	5	\N
69704	59406	27547	5	\N
69705	59402	5230	5	\N
69706	59401	5232	5	\N
69709	88370	69301	5	\N
69710	88370	69302	5	\N
69711	88370	69303	5	\N
69712	88370	69304	5	\N
69713	88370	69305	5	\N
69714	88370	69306	5	\N
69715	88370	69307	5	\N
69716	88370	69308	5	\N
69717	88370	69309	5	\N
69718	88370	69310	5	\N
69719	88370	69311	5	\N
69720	88370	69312	5	\N
69721	7551	69301	3	\N
69722	2561	69313	5	\N
69723	2561	69314	5	\N
69724	7937	69315	5	\N
69725	7937	69316	5	\N
69726	7937	69317	5	\N
69860	88557	69451	1	\N
